date,side,entry_dt,entry,exit_dt,exit,sl,target,pnl,bars_held,entry_wait_min,exit_wait_min,mae,mfe,exit_reason
2023-01-05,short,2023-01-05 09:15:00+05:30,18101.95,2023-01-05 09:20:00+05:30,18036.85,18167.05,18036.85,65.1,1,0.0,5.0,0.0,70.0,Target
2023-01-09,short,2023-01-09 09:15:00+05:30,17952.55,2023-01-09 09:40:00+05:30,18039.25,18039.25,17865.85,-86.7,5,0.0,25.0,-88.2,8.6,SL
2023-01-16,short,2023-01-16 09:15:00+05:30,18033.15,2023-01-16 09:45:00+05:30,17950.5,18115.8,17950.5,82.65,6,0.0,30.0,-0.3,82.9,Target
2023-01-23,short,2023-01-23 09:15:00+05:30,18118.45,2023-01-23 15:20:00+05:30,18113.7,18209.6,18027.3,4.75,73,0.0,365.0,-43.25,53.7,EOD
2023-01-24,short,2023-01-24 09:15:00+05:30,18183.95,2023-01-24 13:40:00+05:30,18104.95,18262.95,18104.95,79.0,53,0.0,265.0,-16.8,87.15,Target
2023-01-30,long,2023-01-30 09:15:00+05:30,17541.95,2023-01-30 09:20:00+05:30,17466.3,17476.0,17607.9,-75.65,1,0.0,5.0,-75.65,77.8,SL
2023-01-31,short,2023-01-31 09:15:00+05:30,17731.45,2023-01-31 09:20:00+05:30,17614.8,17795.65,17667.25,116.65,1,0.0,5.0,0.0,132.9,Target
2023-02-01,short,2023-02-01 09:15:00+05:30,17811.6,2023-02-01 12:30:00+05:30,17940.65,17940.65,17682.55,-129.05,39,0.0,195.0,-134.9,79.45,SL
2023-02-02,long,2023-02-02 09:15:00+05:30,17517.1,2023-02-02 09:35:00+05:30,17605.4,17428.8,17605.4,88.3,4,0.0,20.0,-57.4,92.9,Target
2023-02-03,short,2023-02-03 09:15:00+05:30,17721.75,2023-02-03 10:25:00+05:30,17611.75,17831.75,17611.75,110.0,14,0.0,70.0,0.0,111.0,Target
2023-02-14,short,2023-02-14 09:15:00+05:30,17840.35,2023-02-14 12:40:00+05:30,17916.15,17916.15,17764.55,-75.8,41,0.0,205.0,-78.25,39.9,SL
2023-02-16,short,2023-02-16 09:15:00+05:30,18094.75,2023-02-16 15:20:00+05:30,18031.2,18166.3,18023.2,63.55,73,0.0,365.0,-39.25,71.25,EOD
2023-02-21,short,2023-02-21 09:15:00+05:30,17905.8,2023-02-21 09:35:00+05:30,17847.7,17963.9,17847.7,58.1,4,0.0,20.0,0.0,60.5,Target
2023-02-22,long,2023-02-22 09:15:00+05:30,17755.35,2023-02-22 10:15:00+05:30,17668.6,17668.6,17842.1,-86.75,12,0.0,60.0,-91.2,0.0,SL
2023-02-24,short,2023-02-24 09:15:00+05:30,17591.35,2023-02-24 09:50:00+05:30,17523.8,17658.9,17523.8,67.55,7,0.0,35.0,-8.4,77.2,Target
2023-03-03,short,2023-03-03 09:15:00+05:30,17451.25,2023-03-03 13:30:00+05:30,17583.85,17583.85,17318.65,-132.6,51,0.0,255.0,-140.35,0.0,SL
2023-03-06,short,2023-03-06 09:15:00+05:30,17680.35,2023-03-06 09:45:00+05:30,17768.4,17768.4,17592.3,-88.05,6,0.0,30.0,-92.4,0.0,SL
2023-03-08,long,2023-03-08 09:15:00+05:30,17665.75,2023-03-08 09:20:00+05:30,17611.65,17611.65,17719.85,-54.1,1,0.0,5.0,-62.2,0.0,SL
2023-03-10,long,2023-03-10 09:15:00+05:30,17443.8,2023-03-10 15:20:00+05:30,17422.55,17304.8,17582.8,-21.25,73,0.0,365.0,-117.8,0.0,EOD
2023-03-15,short,2023-03-15 09:15:00+05:30,17166.45,2023-03-15 12:55:00+05:30,17068.65,17264.25,17068.65,97.8,44,0.0,220.0,-36.05,103.3,Target
2023-03-17,short,2023-03-17 09:15:00+05:30,17111.8,2023-03-17 11:30:00+05:30,17010.15,17213.45,17010.15,101.65,27,0.0,135.0,-11.05,107.25,Target
2023-03-20,long,2023-03-20 09:15:00+05:30,17066.6,2023-03-20 09:20:00+05:30,16983.35,17009.5,17123.7,-83.25,1,0.0,5.0,-131.9,0.0,SL
2023-03-21,short,2023-03-21 09:15:00+05:30,17060.4,2023-03-21 14:40:00+05:30,17117.35,17117.35,17003.45,-56.95,65,0.0,325.0,-66.2,43.75,SL
2023-03-22,short,2023-03-22 09:15:00+05:30,17177.45,2023-03-22 15:20:00+05:30,17150.7,17247.95,17106.95,26.75,73,0.0,365.0,-25.15,68.65,EOD
2023-03-27,short,2023-03-27 09:15:00+05:30,16984.3,2023-03-27 09:20:00+05:30,16932.6,17036.0,16932.6,51.7,1,0.0,5.0,0.0,64.9,Target
2023-03-28,short,2023-03-28 09:15:00+05:30,17031.75,2023-03-28 10:30:00+05:30,16963.45,17100.05,16963.45,68.3,15,0.0,75.0,-29.75,84.7,Target
2023-03-31,short,2023-03-31 09:15:00+05:30,17210.35,2023-03-31 12:30:00+05:30,17304.35,17304.35,17116.35,-94.0,39,0.0,195.0,-105.05,0.0,SL
2023-04-03,short,2023-04-03 09:15:00+05:30,17427.95,2023-04-03 09:25:00+05:30,17358.3,17497.6,17358.3,69.65,2,0.0,10.0,0.0,90.5,Target
2023-04-11,short,2023-04-11 09:15:00+05:30,17704.8,2023-04-11 15:20:00+05:30,17726.5,17796.55,17613.05,-21.7,73,0.0,365.0,-43.8,49.5,EOD
2023-04-18,short,2023-04-18 09:15:00+05:30,17766.6,2023-04-18 09:45:00+05:30,17704.1,17829.1,17704.1,62.5,6,0.0,30.0,0.0,72.55,Target
2023-04-24,short,2023-04-24 09:15:00+05:30,17707.55,2023-04-24 11:40:00+05:30,17618.9,17796.2,17618.9,88.65,29,0.0,145.0,0.0,89.1,Target
2023-05-02,short,2023-05-02 09:15:00+05:30,18124.8,2023-05-02 15:20:00+05:30,18141.5,18200.7,18048.9,-16.7,73,0.0,365.0,-55.0,15.1,EOD
2023-05-05,long,2023-05-05 09:15:00+05:30,18117.3,2023-05-05 15:20:00+05:30,18066.35,17996.0,18238.6,-50.95,73,0.0,365.0,-56.0,99.65,EOD
2023-05-10,short,2023-05-10 09:15:00+05:30,18313.6,2023-05-10 09:35:00+05:30,18258.3,18368.9,18258.3,55.3,4,0.0,20.0,-8.7,59.9,Target
2023-05-18,short,2023-05-18 09:15:00+05:30,18287.5,2023-05-18 12:45:00+05:30,18197.95,18377.05,18197.95,89.55,42,0.0,210.0,-8.95,92.35,Target
2023-05-23,short,2023-05-23 09:15:00+05:30,18362.9,2023-05-23 15:20:00+05:30,18325.5,18422.5,18303.3,37.4,73,0.0,365.0,-56.75,24.8,EOD
2023-05-29,short,2023-05-29 09:15:00+05:30,18619.15,2023-05-29 15:20:00+05:30,18595.55,18746.4,18491.9,23.6,73,0.0,365.0,-21.2,36.95,EOD
2023-06-01,short,2023-06-01 09:15:00+05:30,18579.4,2023-06-01 09:25:00+05:30,18521.3,18637.5,18521.3,58.1,2,0.0,10.0,0.0,61.1,Target
2023-06-02,short,2023-06-02 09:15:00+05:30,18550.85,2023-06-02 10:05:00+05:30,18486.1,18615.6,18486.1,64.75,10,0.0,50.0,-22.4,65.0,Target
2023-06-05,short,2023-06-05 09:15:00+05:30,18612.0,2023-06-05 15:20:00+05:30,18598.3,18698.15,18525.85,13.7,73,0.0,365.0,-27.4,28.7,EOD
2023-06-28,short,2023-06-28 09:15:00+05:30,18908.15,2023-06-28 13:15:00+05:30,18997.7,18997.7,18818.6,-89.55,48,0.0,240.0,-89.9,46.7,SL
2023-06-30,short,2023-06-30 09:15:00+05:30,19076.85,2023-06-30 14:35:00+05:30,19161.8,19161.8,18991.9,-84.95,64,0.0,320.0,-93.35,9.05,SL
2023-07-03,short,2023-07-03 09:15:00+05:30,19246.5,2023-07-03 09:30:00+05:30,19309.8,19309.8,19183.2,-63.3,3,0.0,15.0,-63.5,0.0,SL
2023-07-04,short,2023-07-04 09:15:00+05:30,19406.6,2023-07-04 09:55:00+05:30,19330.65,19482.55,19330.65,75.95,8,0.0,40.0,0.0,98.45,Target
2023-07-07,long,2023-07-07 09:15:00+05:30,19422.8,2023-07-07 09:25:00+05:30,19486.25,19359.35,19486.25,63.45,2,0.0,10.0,0.0,64.05,Target
2023-07-10,short,2023-07-10 09:15:00+05:30,19400.35,2023-07-10 15:20:00+05:30,19360.25,19476.05,19324.65,40.1,73,0.0,365.0,-35.5,73.25,EOD
2023-07-11,short,2023-07-11 09:15:00+05:30,19427.1,2023-07-11 09:55:00+05:30,19486.35,19486.35,19367.85,-59.25,8,0.0,40.0,-61.05,0.0,SL
2023-07-13,short,2023-07-13 09:15:00+05:30,19495.2,2023-07-13 15:20:00+05:30,19432.0,19605.65,19384.75,63.2,73,0.0,365.0,-71.8,109.4,EOD
2023-07-18,short,2023-07-18 09:15:00+05:30,19787.5,2023-07-18 11:40:00+05:30,19719.1,19855.9,19719.1,68.4,29,0.0,145.0,-31.95,87.3,Target
2023-07-21,long,2023-07-21 09:15:00+05:30,19800.45,2023-07-21 15:20:00+05:30,19772.35,19630.95,19969.95,-28.1,73,0.0,365.0,-100.45,86.95,EOD
2023-07-25,short,2023-07-25 09:15:00+05:30,19729.35,2023-07-25 09:50:00+05:30,19665.4,19793.3,19665.4,63.95,7,0.0,35.0,0.0,66.15,Target
2023-07-27,short,2023-07-27 09:15:00+05:30,19850.9,2023-07-27 11:15:00+05:30,19773.1,19928.7,19773.1,77.8,24,0.0,120.0,-16.65,93.75,Target
2023-08-02,long,2023-08-02 09:15:00+05:30,19655.4,2023-08-02 10:30:00+05:30,19574.7,19574.7,19736.1,-80.7,15,0.0,75.0,-81.8,0.0,SL
2023-08-04,short,2023-08-04 09:15:00+05:30,19462.8,2023-08-04 11:45:00+05:30,19531.15,19531.15,19394.45,-68.35,30,0.0,150.0,-69.15,26.35,SL
2023-08-07,short,2023-08-07 09:15:00+05:30,19576.85,2023-08-07 15:20:00+05:30,19599.9,19643.65,19510.05,-23.05,73,0.0,365.0,-43.6,51.3,EOD
2023-08-24,short,2023-08-24 09:15:00+05:30,19535.15,2023-08-24 12:10:00+05:30,19441.55,19628.75,19441.55,93.6,35,0.0,175.0,-49.3,94.3,Target
2023-08-25,long,2023-08-25 09:15:00+05:30,19297.4,2023-08-25 15:20:00+05:30,19247.2,19214.4,19380.4,-50.2,73,0.0,365.0,-66.75,42.15,EOD
2023-08-29,short,2023-08-29 09:15:00+05:30,19374.85,2023-08-29 15:20:00+05:30,19355.2,19447.05,19302.65,19.65,73,0.0,365.0,0.0,64.9,EOD
2023-08-30,short,2023-08-30 09:15:00+05:30,19433.45,2023-08-30 15:05:00+05:30,19352.95,19513.95,19352.95,80.5,70,0.0,350.0,-19.35,82.25,Target
2023-09-04,short,2023-09-04 09:15:00+05:30,19525.05,2023-09-04 15:20:00+05:30,19533.7,19626.75,19423.35,-8.65,73,0.0,365.0,-10.65,92.2,EOD
2023-09-11,short,2023-09-11 09:15:00+05:30,19890.0,2023-09-11 12:35:00+05:30,19959.5,19959.5,19820.5,-69.5,40,0.0,200.0,-71.6,5.3,SL
2023-09-12,short,2023-09-12 09:15:00+05:30,20110.15,2023-09-12 09:45:00+05:30,20000.0,20220.3,20000.0,110.15,6,0.0,30.0,0.0,118.2,Target
2023-09-14,short,2023-09-14 09:15:00+05:30,20127.95,2023-09-14 12:30:00+05:30,20063.35,20192.55,20063.35,64.6,39,0.0,195.0,-39.7,73.8,Target
2023-09-20,long,2023-09-20 09:15:00+05:30,19980.75,2023-09-20 15:20:00+05:30,19908.1,19837.85,20123.65,-72.65,73,0.0,365.0,-101.2,69.9,EOD
2023-09-21,long,2023-09-21 09:15:00+05:30,19840.55,2023-09-21 10:00:00+05:30,19771.55,19771.55,19909.55,-69.0,9,0.0,45.0,-76.9,0.0,SL
2023-10-04,long,2023-10-04 09:15:00+05:30,19446.3,2023-10-04 11:50:00+05:30,19369.65,19369.65,19522.95,-76.65,31,0.0,155.0,-85.6,0.0,SL
2023-10-05,short,2023-10-05 09:15:00+05:30,19521.85,2023-10-05 15:20:00+05:30,19547.05,19597.55,19446.15,-25.2,73,0.0,365.0,-55.1,34.55,EOD
2023-10-06,short,2023-10-06 09:15:00+05:30,19621.2,2023-10-06 15:20:00+05:30,19655.9,19695.8,19546.6,-34.7,73,0.0,365.0,-54.55,31.8,EOD
2023-10-09,long,2023-10-09 09:15:00+05:30,19539.45,2023-10-09 15:20:00+05:30,19502.2,19429.0,19649.9,-37.25,73,0.0,365.0,-58.95,49.5,EOD
2023-10-10,short,2023-10-10 09:15:00+05:30,19565.6,2023-10-10 12:00:00+05:30,19633.7,19633.7,19497.5,-68.1,33,0.0,165.0,-71.5,0.0,SL
2023-10-11,short,2023-10-11 09:15:00+05:30,19767.0,2023-10-11 15:20:00+05:30,19807.65,19842.5,19691.5,-40.65,73,0.0,365.0,-72.2,0.0,EOD
2023-10-13,long,2023-10-13 09:15:00+05:30,19654.55,2023-10-13 14:10:00+05:30,19782.9,19526.2,19782.9,128.35,59,0.0,295.0,0.0,130.05,Target
2023-10-17,short,2023-10-17 09:15:00+05:30,19843.2,2023-10-17 15:20:00+05:30,19818.25,19955.45,19730.95,24.95,73,0.0,365.0,-4.85,67.55,EOD
2023-10-19,long,2023-10-19 09:15:00+05:30,19545.2,2023-10-19 14:00:00+05:30,19668.25,19422.15,19668.25,123.05,57,0.0,285.0,-32.85,131.3,Target
2023-10-20,long,2023-10-20 09:15:00+05:30,19542.15,2023-10-20 15:20:00+05:30,19539.55,19472.4,19611.9,-2.6,73,0.0,365.0,-16.4,51.65,EOD
2023-10-26,long,2023-10-26 09:15:00+05:30,19027.25,2023-10-26 09:40:00+05:30,18928.85,18928.85,19125.65,-98.4,5,0.0,25.0,-101.5,0.0,SL
2023-10-27,short,2023-10-27 09:15:00+05:30,18928.75,2023-10-27 09:45:00+05:30,19009.0,19009.0,18848.5,-80.25,6,0.0,30.0,-88.25,0.0,SL
2023-10-31,short,2023-10-31 09:15:00+05:30,19232.95,2023-10-31 09:20:00+05:30,19148.85,19317.05,19148.85,84.1,1,0.0,5.0,0.0,86.0,Target
2023-11-02,short,2023-11-02 09:15:00+05:30,19120.0,2023-11-02 15:20:00+05:30,19143.4,19249.6,18990.4,-23.4,73,0.0,365.0,-55.25,55.85,EOD
2023-11-03,short,2023-11-03 09:15:00+05:30,19241.0,2023-11-03 15:20:00+05:30,19228.25,19337.15,19144.85,12.75,73,0.0,365.0,-35.25,30.1,EOD
2023-11-06,short,2023-11-06 09:15:00+05:30,19345.85,2023-11-06 15:20:00+05:30,19416.7,19465.65,19226.05,-70.85,73,0.0,365.0,-72.4,35.1,EOD
2023-11-12,short,2023-11-12 18:15:00+05:30,19547.25,2023-11-12 18:20:00+05:30,19534.6,19651.05,19443.45,12.65,1,0.0,5.0,0.0,0.0,EOD
2023-11-15,short,2023-11-15 09:15:00+05:30,19651.4,2023-11-15 15:20:00+05:30,19690.95,19862.65,19440.15,-39.55,73,0.0,365.0,-30.8,44.35,EOD
2023-11-17,long,2023-11-17 09:15:00+05:30,19674.75,2023-11-17 09:20:00+05:30,19761.15,19588.35,19761.15,86.4,1,0.0,5.0,0.0,86.75,Target
2023-11-21,short,2023-11-21 09:15:00+05:30,19770.9,2023-11-21 15:20:00+05:30,19785.0,19848.15,19693.65,-14.1,73,0.0,365.0,-58.2,11.35,EOD
2023-11-29,short,2023-11-29 09:15:00+05:30,19976.55,2023-11-29 12:45:00+05:30,20044.65,20044.65,19908.45,-68.1,42,0.0,210.0,-68.15,5.25,SL
2023-12-01,short,2023-12-01 09:15:00+05:30,20194.1,2023-12-01 10:10:00+05:30,20261.0,20261.0,20127.2,-66.9,11,0.0,55.0,-69.65,0.0,SL
2023-12-04,short,2023-12-04 09:15:00+05:30,20601.95,2023-12-04 15:20:00+05:30,20689.85,20948.15,20255.75,-87.9,73,0.0,365.0,-100.7,94.2,EOD
2023-12-05,short,2023-12-05 09:15:00+05:30,20808.9,2023-12-05 15:20:00+05:30,20858.15,20931.0,20686.8,-49.25,73,0.0,365.0,-55.15,97.75,EOD
2023-12-06,short,2023-12-06 09:15:00+05:30,20950.75,2023-12-06 13:25:00+05:30,20856.7,21044.8,20856.7,94.05,50,0.0,250.0,-7.9,98.6,Target
2023-12-14,short,2023-12-14 09:15:00+05:30,21110.4,2023-12-14 15:20:00+05:30,21205.65,21283.35,20937.45,-95.25,73,0.0,365.0,-100.5,8.3,EOD
2023-12-15,short,2023-12-15 09:15:00+05:30,21287.45,2023-12-15 14:50:00+05:30,21379.65,21379.65,21195.25,-92.2,67,0.0,335.0,-106.4,52.15,SL
2023-12-19,short,2023-12-19 09:15:00+05:30,21477.65,2023-12-19 09:35:00+05:30,21410.8,21544.5,21410.8,66.85,4,0.0,20.0,0.0,74.5,Target
2023-12-20,short,2023-12-20 09:15:00+05:30,21543.5,2023-12-20 13:20:00+05:30,21446.0,21641.0,21446.0,97.5,49,0.0,245.0,-49.5,104.85,Target
2023-12-21,long,2023-12-21 09:15:00+05:30,21033.95,2023-12-21 10:05:00+05:30,21101.5,20966.4,21101.5,67.55,10,0.0,50.0,-32.1,94.45,Target
2023-12-28,short,2023-12-28 09:15:00+05:30,21715.0,2023-12-28 15:05:00+05:30,21781.05,21781.05,21648.95,-66.05,70,0.0,350.0,-70.8,37.0,SL
2024-01-04,short,2024-01-04 09:15:00+05:30,21605.8,2024-01-04 15:20:00+05:30,21666.85,21687.9,21523.7,-61.05,73,0.0,365.0,-68.5,14.05,EOD
2024-01-09,short,2024-01-09 09:15:00+05:30,21653.6,2024-01-09 15:20:00+05:30,21545.15,21795.85,21511.35,108.45,73,0.0,365.0,-70.85,124.05,EOD
2024-01-12,short,2024-01-12 09:15:00+05:30,21773.55,2024-01-12 13:35:00+05:30,21877.7,21877.7,21669.4,-104.15,52,0.0,260.0,-106.2,54.75,SL
2024-01-15,short,2024-01-15 09:15:00+05:30,22053.15,2024-01-15 15:20:00+05:30,22104.65,22198.05,21908.25,-51.5,73,0.0,365.0,-51.4,89.6,EOD
2024-01-17,long,2024-01-17 09:15:00+05:30,21647.25,2024-01-17 15:20:00+05:30,21564.8,21262.9,22031.6,-82.45,73,0.0,365.0,-96.8,204.25,EOD
2024-01-18,long,2024-01-18 09:15:00+05:30,21414.2,2024-01-18 15:20:00+05:30,21472.5,21251.15,21577.25,58.3,73,0.0,365.0,-128.65,125.2,EOD
2024-01-19,short,2024-01-19 09:15:00+05:30,21615.2,2024-01-19 15:20:00+05:30,21635.2,21753.15,21477.25,-20.0,73,0.0,365.0,-55.4,40.2,EOD
2024-01-20,short,2024-01-20 09:15:00+05:30,21706.15,2024-01-20 09:40:00+05:30,21638.2,21774.1,21638.2,67.95,5,0.0,25.0,-10.45,69.45,Target
2024-01-23,short,2024-01-23 09:15:00+05:30,21716.7,2024-01-23 10:35:00+05:30,21586.95,21846.45,21586.95,129.75,16,0.0,80.0,-22.25,147.8,Target
2024-02-01,short,2024-02-01 09:15:00+05:30,21780.65,2024-02-01 09:30:00+05:30,21708.3,21853.0,21708.3,72.35,3,0.0,15.0,0.0,75.2,Target
2024-02-02,short,2024-02-02 09:15:00+05:30,21812.75,2024-02-02 09:20:00+05:30,21935.2,21935.2,21690.3,-122.45,1,0.0,5.0,-136.4,0.0,SL
2024-02-05,short,2024-02-05 09:15:00+05:30,21921.05,2024-02-05 09:20:00+05:30,21844.65,21988.8,21853.3,76.4,1,0.0,5.0,0.0,85.25,Target
2024-02-07,short,2024-02-07 09:15:00+05:30,22045.05,2024-02-07 11:05:00+05:30,21938.8,22151.3,21938.8,106.25,22,0.0,110.0,0.0,112.55,Target
2024-02-14,long,2024-02-14 09:15:00+05:30,21578.15,2024-02-14 14:15:00+05:30,21728.0,21428.3,21728.0,149.85,60,0.0,300.0,-47.95,163.2,Target
2024-02-16,short,2024-02-16 09:15:00+05:30,22020.3,2024-02-16 15:20:00+05:30,22028.95,22113.55,21927.05,-8.65,73,0.0,365.0,-48.35,51.35,EOD
2024-02-19,short,2024-02-19 09:15:00+05:30,22103.45,2024-02-19 09:50:00+05:30,22033.5,22173.4,22033.5,69.95,7,0.0,35.0,0.0,78.2,Target
2024-02-23,short,2024-02-23 09:15:00+05:30,22290.0,2024-02-23 09:30:00+05:30,22216.9,22363.1,22216.9,73.1,3,0.0,15.0,0.0,73.65,Target
2024-03-02,short,2024-03-02 09:15:00+05:30,22406.95,2024-03-02 12:25:00+05:30,22373.4,22487.85,22326.05,33.55,20,0.0,100.0,-5.5,40.0,EOD
2024-03-13,short,2024-03-13 09:15:00+05:30,22432.2,2024-03-13 09:30:00+05:30,22333.7,22530.7,22333.7,98.5,3,0.0,15.0,0.0,108.65,Target
2024-03-15,long,2024-03-15 09:15:00+05:30,22064.85,2024-03-15 10:20:00+05:30,21976.65,21976.65,22153.05,-88.2,13,0.0,65.0,-91.05,56.05,SL
2024-03-19,long,2024-03-19 09:15:00+05:30,21946.45,2024-03-19 10:20:00+05:30,21841.4,21841.4,22051.5,-105.05,13,0.0,65.0,-105.45,26.55,SL
2024-03-21,short,2024-03-21 09:15:00+05:30,21989.9,2024-03-21 15:20:00+05:30,22026.55,22124.7,21855.1,-36.65,73,0.0,365.0,-91.05,48.6,EOD
2024-03-22,long,2024-03-22 09:15:00+05:30,21932.2,2024-03-22 10:00:00+05:30,22014.6,21849.8,22014.6,82.4,9,0.0,45.0,-48.9,85.45,Target
2024-03-26,long,2024-03-26 09:15:00+05:30,21947.9,2024-03-26 15:20:00+05:30,22010.45,21815.0,22080.8,62.55,73,0.0,365.0,0.0,125.3,EOD
2024-04-01,short,2024-04-01 09:15:00+05:30,22455.0,2024-04-01 15:20:00+05:30,22459.85,22566.9,22343.1,-4.85,73,0.0,365.0,-74.95,27.25,EOD
2024-04-03,long,2024-04-03 09:15:00+05:30,22385.7,2024-04-03 10:20:00+05:30,22464.3,22307.1,22464.3,78.6,13,0.0,65.0,-39.2,80.95,Target
2024-04-04,short,2024-04-04 09:15:00+05:30,22592.1,2024-04-04 09:50:00+05:30,22445.55,22738.65,22445.55,146.55,7,0.0,35.0,0.0,205.1,Target
2024-04-09,short,2024-04-09 09:15:00+05:30,22765.1,2024-04-09 13:20:00+05:30,22661.0,22869.2,22661.0,104.1,49,0.0,245.0,-3.3,110.85,Target
2024-04-10,short,2024-04-10 09:15:00+05:30,22720.25,2024-04-10 15:20:00+05:30,22747.15,22798.45,22642.05,-26.9,73,0.0,365.0,-55.45,46.55,EOD
2024-04-15,long,2024-04-15 09:15:00+05:30,22339.05,2024-04-15 15:20:00+05:30,22273.25,22158.7,22519.4,-65.8,73,0.0,365.0,-79.5,88.4,EOD
2024-04-16,long,2024-04-16 09:15:00+05:30,22125.3,2024-04-16 15:20:00+05:30,22162.8,21973.15,22277.45,37.5,73,0.0,365.0,-45.85,88.45,EOD
2024-04-19,long,2024-04-19 09:15:00+05:30,21861.5,2024-04-19 12:50:00+05:30,22045.75,21677.25,22045.75,184.25,43,0.0,215.0,-83.85,184.45,Target
2024-04-22,short,2024-04-22 09:15:00+05:30,22336.9,2024-04-22 15:20:00+05:30,22353.55,22524.1,22149.7,-16.65,73,0.0,365.0,-12.8,138.75,EOD
2024-04-23,short,2024-04-23 09:15:00+05:30,22447.05,2024-04-23 09:45:00+05:30,22370.5,22523.6,22370.5,76.55,6,0.0,30.0,0.0,78.6,Target
2024-04-25,long,2024-04-25 09:15:00+05:30,22316.9,2024-04-25 09:55:00+05:30,22412.2,22221.6,22412.2,95.3,8,0.0,40.0,0.0,95.4,Target
2024-05-03,short,2024-05-03 09:15:00+05:30,22766.35,2024-05-03 10:20:00+05:30,22656.75,22875.95,22656.75,109.6,13,0.0,65.0,-28.35,155.3,Target
2024-05-06,short,2024-05-06 09:15:00+05:30,22561.6,2024-05-06 09:40:00+05:30,22456.7,22666.5,22456.7,104.9,5,0.0,25.0,-27.2,127.65,Target
2024-05-08,long,2024-05-08 09:15:00+05:30,22231.2,2024-05-08 11:45:00+05:30,22304.5,22157.9,22304.5,73.3,30,0.0,150.0,-46.0,92.95,Target
2024-05-09,long,2024-05-09 09:15:00+05:30,22224.8,2024-05-09 10:25:00+05:30,22142.85,22142.85,22306.75,-81.95,14,0.0,70.0,-94.65,76.65,SL
2024-05-16,short,2024-05-16 09:15:00+05:30,22319.2,2024-05-16 10:20:00+05:30,22210.4,22428.0,22210.4,108.8,13,0.0,65.0,-10.8,154.05,Target
2024-05-21,long,2024-05-21 09:15:00+05:30,22404.55,2024-05-21 09:20:00+05:30,22506.8,22302.3,22506.8,102.25,1,0.0,5.0,0.0,104.5,Target
2024-05-22,short,2024-05-22 09:15:00+05:30,22576.6,2024-05-22 09:40:00+05:30,22507.55,22645.65,22507.55,69.05,5,0.0,25.0,0.0,79.85,Target
2024-05-27,short,2024-05-27 09:15:00+05:30,23038.95,2024-05-27 09:55:00+05:30,22952.0,23125.9,22952.0,86.95,8,0.0,40.0,0.0,91.6,Target
2024-05-29,long,2024-05-29 09:15:00+05:30,22762.75,2024-05-29 15:20:00+05:30,22707.55,22656.85,22868.65,-55.2,73,0.0,365.0,-77.3,62.75,EOD
2024-05-30,long,2024-05-30 09:15:00+05:30,22617.45,2024-05-30 13:30:00+05:30,22529.1,22529.1,22705.8,-88.35,51,0.0,255.0,-89.65,88.3,SL
2024-06-03,short,2024-06-03 09:15:00+05:30,23337.9,2024-06-03 15:20:00+05:30,23283.55,24125.35,22550.45,54.35,73,0.0,365.0,0.0,275.6,EOD
2024-06-04,long,2024-06-04 09:15:00+05:30,23179.5,2024-06-04 09:20:00+05:30,22850.4,23053.05,23305.95,-329.1,1,0.0,5.0,-612.55,0.0,SL
2024-06-05,short,2024-06-05 09:15:00+05:30,22128.35,2024-06-05 09:20:00+05:30,21969.4,22260.25,21996.45,158.95,1,0.0,5.0,0.0,331.05,Target
2024-06-06,short,2024-06-06 09:15:00+05:30,22798.6,2024-06-06 15:20:00+05:30,22848.05,23024.2,22573.0,-49.45,73,0.0,365.0,-111.55,156.0,EOD
2024-06-12,short,2024-06-12 09:15:00+05:30,23344.45,2024-06-12 10:40:00+05:30,23427.1,23427.1,23261.8,-82.65,17,0.0,85.0,-93.7,28.5,SL
2024-06-13,short,2024-06-13 09:15:00+05:30,23480.95,2024-06-13 15:20:00+05:30,23405.6,23653.5,23308.4,75.35,73,0.0,365.0,0.0,127.05,EOD
2024-06-18,short,2024-06-18 09:15:00+05:30,23570.8,2024-06-18 15:20:00+05:30,23565.6,23687.45,23454.15,5.2,73,0.0,365.0,-8.25,71.1,EOD
2024-06-21,short,2024-06-21 09:15:00+05:30,23661.15,2024-06-21 09:40:00+05:30,23579.15,23743.15,23579.15,82.0,5,0.0,25.0,0.0,85.05,Target
2024-06-24,long,2024-06-24 09:15:00+05:30,23382.3,2024-06-24 10:05:00+05:30,23453.15,23311.45,23453.15,70.85,10,0.0,50.0,-32.3,72.3,Target
2024-07-02,short,2024-07-02 09:15:00+05:30,24228.75,2024-07-02 09:35:00+05:30,24123.15,24334.35,24123.15,105.6,4,0.0,20.0,0.0,112.75,Target
2024-07-03,short,2024-07-03 09:15:00+05:30,24291.75,2024-07-03 15:20:00+05:30,24295.6,24465.7,24117.8,-3.85,73,0.0,365.0,-15.5,65.3,EOD
2024-07-04,short,2024-07-04 09:15:00+05:30,24369.95,2024-07-04 15:05:00+05:30,24290.8,24449.1,24290.8,79.15,70,0.0,350.0,-31.05,88.95,Target
2024-07-05,long,2024-07-05 09:15:00+05:30,24213.35,2024-07-05 15:05:00+05:30,24304.65,24122.05,24304.65,91.3,70,0.0,350.0,-44.5,120.05,Target
2024-07-11,short,2024-07-11 09:15:00+05:30,24396.55,2024-07-11 09:35:00+05:30,24312.4,24480.7,24312.4,84.15,4,0.0,20.0,0.0,86.4,Target
2024-07-15,short,2024-07-15 09:15:00+05:30,24587.6,2024-07-15 15:20:00+05:30,24585.85,24662.8,24512.4,1.75,73,0.0,365.0,-47.45,64.85,EOD
2024-07-19,short,2024-07-19 09:15:00+05:30,24853.8,2024-07-19 09:20:00+05:30,24742.25,24928.25,24779.35,111.55,1,0.0,5.0,0.0,126.05,Target
2024-07-22,long,2024-07-22 09:15:00+05:30,24445.75,2024-07-22 09:55:00+05:30,24525.85,24365.65,24525.85,80.1,8,0.0,40.0,-58.85,93.15,Target
2024-07-25,long,2024-07-25 09:15:00+05:30,24230.95,2024-07-25 15:20:00+05:30,24410.85,24020.0,24441.9,179.9,73,0.0,365.0,-20.15,195.2,EOD
2024-07-29,short,2024-07-29 09:15:00+05:30,24943.3,2024-07-29 12:15:00+05:30,24851.75,25034.85,24851.75,91.55,36,0.0,180.0,-56.45,152.85,Target
2024-08-02,long,2024-08-02 09:15:00+05:30,24789.0,2024-08-02 15:20:00+05:30,24732.9,24572.0,25006.0,-56.1,73,0.0,365.0,-102.15,62.9,EOD
2024-08-05,long,2024-08-05 09:15:00+05:30,24302.85,2024-08-05 11:20:00+05:30,23906.25,23906.25,24699.45,-396.6,25,0.0,125.0,-409.15,43.35,SL
2024-08-06,short,2024-08-06 09:15:00+05:30,24189.85,2024-08-06 09:20:00+05:30,24337.5,24327.9,24051.8,-147.65,1,0.0,5.0,-192.75,0.0,SL
2024-08-07,short,2024-08-07 09:15:00+05:30,24289.4,2024-08-07 15:20:00+05:30,24305.7,24545.75,24033.05,-16.3,73,0.0,365.0,-48.3,104.5,EOD
2024-08-09,short,2024-08-09 09:15:00+05:30,24386.85,2024-08-09 15:20:00+05:30,24373.65,24675.0,24098.7,13.2,73,0.0,365.0,-32.9,75.65,EOD
2024-08-16,short,2024-08-16 09:15:00+05:30,24334.85,2024-08-16 15:00:00+05:30,24525.2,24525.2,24144.5,-190.35,69,0.0,345.0,-211.05,130.35,SL
2024-08-19,short,2024-08-19 09:15:00+05:30,24636.35,2024-08-19 11:00:00+05:30,24539.2,24733.5,24539.2,97.15,21,0.0,105.0,0.0,113.4,Target
2024-08-22,short,2024-08-22 09:15:00+05:30,24863.4,2024-08-22 15:20:00+05:30,24817.95,24944.9,24781.9,45.45,73,0.0,365.0,0.0,78.95,EOD
2024-08-30,short,2024-08-30 09:15:00+05:30,25249.7,2024-08-30 15:20:00+05:30,25241.65,25342.65,25156.75,8.05,73,0.0,365.0,-13.5,50.3,EOD
2024-09-02,short,2024-09-02 09:15:00+05:30,25333.6,2024-09-02 12:55:00+05:30,25247.0,25420.2,25247.0,86.6,44,0.0,220.0,0.0,98.1,Target
2024-09-04,long,2024-09-04 09:15:00+05:30,25089.95,2024-09-04 15:20:00+05:30,25205.65,24911.05,25268.85,115.7,73,0.0,365.0,-4.8,121.85,EOD
2024-09-12,short,2024-09-12 09:15:00+05:30,25059.65,2024-09-12 11:25:00+05:30,24951.8,25167.5,24951.8,107.85,26,0.0,130.0,-12.9,118.2,Target
2024-09-13,short,2024-09-13 09:15:00+05:30,25430.45,2024-09-13 09:25:00+05:30,25314.95,25545.95,25314.95,115.5,2,0.0,10.0,0.0,118.15,Target
2024-09-19,short,2024-09-19 09:15:00+05:30,25487.05,2024-09-19 15:20:00+05:30,25438.4,25630.65,25343.45,48.65,73,0.0,365.0,-124.9,111.0,EOD
2024-09-20,short,2024-09-20 09:15:00+05:30,25525.95,2024-09-20 09:35:00+05:30,25445.0,25606.9,25445.0,80.95,4,0.0,20.0,0.0,99.35,Target
2024-09-30,long,2024-09-30 09:15:00+05:30,26061.3,2024-09-30 10:40:00+05:30,25947.6,25947.6,26175.0,-113.7,17,0.0,85.0,-118.15,29.2,SL
2024-10-03,long,2024-10-03 09:15:00+05:30,25452.85,2024-10-03 15:20:00+05:30,25249.3,25093.15,25812.55,-203.55,73,0.0,365.0,-222.55,186.6,EOD
2024-10-04,long,2024-10-04 09:15:00+05:30,25181.9,2024-10-04 09:30:00+05:30,25097.8,25097.8,25266.0,-84.1,3,0.0,15.0,-87.35,26.9,SL
2024-10-18,long,2024-10-18 09:15:00+05:30,24664.95,2024-10-18 09:20:00+05:30,24579.7,24579.7,24750.2,-85.25,1,0.0,5.0,-93.4,0.0,SL
2024-10-21,short,2024-10-21 09:15:00+05:30,24956.15,2024-10-21 09:30:00+05:30,24862.65,25049.65,24862.65,93.5,3,0.0,15.0,0.0,137.1,Target
2024-10-23,long,2024-10-23 09:15:00+05:30,24378.15,2024-10-23 09:20:00+05:30,24511.65,24274.55,24481.75,133.5,1,0.0,5.0,0.0,138.6,Target
2024-10-30,long,2024-10-30 09:15:00+05:30,24371.45,2024-10-30 11:20:00+05:30,24454.0,24288.9,24454.0,82.55,25,0.0,125.0,-23.65,95.25,Target
2024-11-05,long,2024-11-05 09:15:00+05:30,23916.5,2024-11-05 09:20:00+05:30,24015.25,23842.05,23990.95,98.75,1,0.0,5.0,0.0,102.9,Target
2024-11-06,short,2024-11-06 09:15:00+05:30,24308.75,2024-11-06 11:50:00+05:30,24419.35,24419.35,24198.15,-110.6,31,0.0,155.0,-119.8,104.7,SL
2024-11-12,short,2024-11-12 09:15:00+05:30,24225.8,2024-11-12 09:45:00+05:30,24122.1,24329.5,24122.1,103.7,6,0.0,30.0,0.0,105.65,Target
2024-11-25,short,2024-11-25 09:15:00+05:30,24253.55,2024-11-25 15:20:00+05:30,24250.15,24633.6,23873.5,3.4,73,0.0,365.0,-98.0,118.1,EOD
2024-11-26,short,2024-11-26 09:15:00+05:30,24343.3,2024-11-26 09:45:00+05:30,24250.8,24435.8,24250.8,92.5,6,0.0,30.0,0.0,107.2,Target
2024-12-03,short,2024-12-03 09:15:00+05:30,24367.5,2024-12-03 13:40:00+05:30,24459.75,24459.75,24275.25,-92.25,53,0.0,265.0,-98.8,87.5,SL
2024-12-05,short,2024-12-05 09:15:00+05:30,24539.15,2024-12-05 09:35:00+05:30,24461.55,24616.75,24461.55,77.6,4,0.0,20.0,0.0,89.65,Target
2024-12-19,long,2024-12-19 09:15:00+05:30,23877.15,2024-12-19 15:20:00+05:30,23958.05,23539.6,24214.7,80.9,73,0.0,365.0,0.0,127.75,EOD
2024-12-23,short,2024-12-23 09:15:00+05:30,23738.2,2024-12-23 11:05:00+05:30,23845.05,23845.05,23631.35,-106.85,22,0.0,110.0,-112.45,36.6,SL
2024-12-31,long,2024-12-31 09:15:00+05:30,23560.6,2024-12-31 10:10:00+05:30,23462.55,23462.55,23658.65,-98.05,11,0.0,55.0,-100.15,23.9,SL
2025-01-13,long,2025-01-13 09:15:00+05:30,23195.4,2025-01-13 15:20:00+05:30,23089.7,22953.45,23437.35,-105.7,73,0.0,365.0,-148.15,145.55,EOD
2025-01-14,short,2025-01-14 09:15:00+05:30,23165.9,2025-01-14 11:05:00+05:30,23243.1,23243.1,23088.7,-77.2,22,0.0,110.0,-91.65,31.75,SL
2025-01-16,short,2025-01-16 09:15:00+05:30,23377.25,2025-01-16 15:20:00+05:30,23324.55,23526.4,23228.1,52.7,73,0.0,365.0,0.0,105.2,EOD
2025-01-17,long,2025-01-17 09:15:00+05:30,23277.1,2025-01-17 09:20:00+05:30,23178.2,23203.4,23350.8,-98.9,1,0.0,5.0,-105.7,0.0,SL
2025-01-20,short,2025-01-20 09:15:00+05:30,23298.9,2025-01-20 09:25:00+05:30,23203.1,23394.7,23203.1,95.8,2,0.0,10.0,0.0,109.2,Target
2025-01-21,short,2025-01-21 09:15:00+05:30,23421.65,2025-01-21 09:35:00+05:30,23337.05,23506.25,23337.05,84.6,4,0.0,20.0,0.0,86.2,Target
2025-01-27,long,2025-01-27 09:15:00+05:30,22940.15,2025-01-27 14:45:00+05:30,22789.95,22789.95,23090.35,-150.2,66,0.0,330.0,-153.25,67.3,SL
2025-01-28,short,2025-01-28 09:15:00+05:30,22960.45,2025-01-28 14:25:00+05:30,23104.05,23104.05,22816.85,-143.6,62,0.0,310.0,-165.5,102.8,SL
2025-02-03,long,2025-02-03 09:15:00+05:30,23319.35,2025-02-03 15:20:00+05:30,23355.4,23143.4,23495.3,36.05,73,0.0,365.0,-97.35,62.25,EOD
2025-02-04,short,2025-02-04 09:15:00+05:30,23509.9,2025-02-04 13:30:00+05:30,23660.1,23660.1,23359.7,-150.2,51,0.0,255.0,-178.45,86.75,SL
2025-02-05,short,2025-02-05 09:15:00+05:30,23801.75,2025-02-05 15:00:00+05:30,23707.7,23895.8,23707.7,94.05,69,0.0,345.0,0.0,107.35,Target
2025-02-06,short,2025-02-06 09:15:00+05:30,23761.95,2025-02-06 09:25:00+05:30,23686.75,23837.15,23686.75,75.2,2,0.0,10.0,0.0,75.25,Target
2025-02-14,short,2025-02-14 09:15:00+05:30,23096.45,2025-02-14 09:30:00+05:30,23019.4,23173.5,23019.4,77.05,3,0.0,15.0,-4.05,86.8,Target
2025-02-17,long,2025-02-17 09:15:00+05:30,22809.9,2025-02-17 10:35:00+05:30,22897.25,22722.55,22897.25,87.35,16,0.0,80.0,-69.7,97.35,Target
2025-02-19,long,2025-02-19 09:15:00+05:30,22847.25,2025-02-19 09:45:00+05:30,22923.15,22771.35,22923.15,75.9,6,0.0,30.0,-8.35,117.65,Target
2025-02-20,long,2025-02-20 09:15:00+05:30,22821.1,2025-02-20 13:45:00+05:30,22914.4,22727.8,22914.4,93.3,54,0.0,270.0,-8.35,96.0,Target
2025-02-24,long,2025-02-24 09:15:00+05:30,22611.5,2025-02-24 15:20:00+05:30,22547.95,22458.65,22764.35,-63.55,73,0.0,365.0,-92.7,33.75,EOD
2025-02-28,long,2025-02-28 09:15:00+05:30,22433.4,2025-02-28 09:20:00+05:30,22320.05,22355.95,22510.85,-113.35,1,0.0,5.0,-119.5,0.0,SL
2025-03-03,short,2025-03-03 09:15:00+05:30,22194.55,2025-03-03 09:45:00+05:30,22127.4,22261.7,22127.4,67.15,6,0.0,30.0,-63.1,114.45,Target
2025-03-04,long,2025-03-04 09:15:00+05:30,21974.45,2025-03-04 15:20:00+05:30,22076.6,21805.75,22143.15,102.15,73,0.0,365.0,0.0,130.6,EOD
2025-03-06,short,2025-03-06 09:15:00+05:30,22476.35,2025-03-06 09:30:00+05:30,22346.65,22606.05,22346.65,129.7,3,0.0,15.0,0.0,176.5,Target
2025-03-11,long,2025-03-11 09:15:00+05:30,22345.95,2025-03-11 10:40:00+05:30,22441.1,22250.8,22441.1,95.15,17,0.0,85.0,-22.0,103.4,Target
2025-03-13,short,2025-03-13 09:15:00+05:30,22541.5,2025-03-13 09:20:00+05:30,22468.5,22614.5,22468.5,73.0,1,0.0,5.0,0.0,81.05,Target
2025-03-18,short,2025-03-18 09:15:00+05:30,22662.25,2025-03-18 14:55:00+05:30,22809.25,22809.25,22515.25,-147.0,68,0.0,340.0,-151.1,56.95,SL
2025-03-20,short,2025-03-20 09:15:00+05:30,23036.6,2025-03-20 13:20:00+05:30,23161.4,23161.4,22911.8,-124.8,49,0.0,245.0,-143.1,62.65,SL
2025-03-24,short,2025-03-24 09:15:00+05:30,23515.4,2025-03-24 14:00:00+05:30,23675.15,23675.15,23355.65,-159.75,57,0.0,285.0,-162.5,81.9,SL
2025-03-25,short,2025-03-25 09:15:00+05:30,23751.5,2025-03-25 09:25:00+05:30,23674.15,23828.85,23674.15,77.35,2,0.0,10.0,0.0,86.6,Target
2025-03-26,short,2025-03-26 09:15:00+05:30,23700.95,2025-03-26 11:55:00+05:30,23605.95,23795.95,23605.95,95.0,32,0.0,160.0,-35.55,112.15,Target
2025-04-01,long,2025-04-01 09:15:00+05:30,23341.1,2025-04-01 09:30:00+05:30,23495.15,23187.05,23495.15,154.05,3,0.0,15.0,0.0,177.35,Target
2025-04-03,long,2025-04-03 09:15:00+05:30,23150.3,2025-04-03 15:20:00+05:30,23254.1,22969.8,23330.8,103.8,73,0.0,365.0,0.0,156.2,EOD
2025-04-07,long,2025-04-07 09:15:00+05:30,21758.4,2025-04-07 15:20:00+05:30,22244.8,20604.75,22912.05,486.4,73,0.0,365.0,0.0,452.45,EOD
2025-04-08,short,2025-04-08 09:15:00+05:30,22446.75,2025-04-08 12:35:00+05:30,22655.5,22655.5,22238.0,-208.75,40,0.0,200.0,-219.45,175.9,SL
2025-04-09,long,2025-04-09 09:15:00+05:30,22460.3,2025-04-09 09:25:00+05:30,22373.4,22373.4,22547.2,-86.9,2,0.0,10.0,-91.6,0.0,SL
2025-04-11,short,2025-04-11 09:15:00+05:30,22695.4,2025-04-11 15:20:00+05:30,22831.65,22970.4,22420.4,-136.25,73,0.0,365.0,-228.5,0.0,EOD
2025-04-15,short,2025-04-15 09:15:00+05:30,23368.35,2025-04-15 15:20:00+05:30,23343.35,23892.2,22844.5,25.0,73,0.0,365.0,0.0,103.7,EOD
2025-04-21,short,2025-04-21 09:15:00+05:30,23949.15,2025-04-21 10:05:00+05:30,24060.55,24060.55,23837.75,-111.4,10,0.0,50.0,-112.3,45.5,SL
2025-04-23,short,2025-04-23 09:15:00+05:30,24357.6,2025-04-23 10:50:00+05:30,24134.05,24581.15,24134.05,223.55,19,0.0,95.0,0.0,228.9,Target
2025-04-28,short,2025-04-28 09:15:00+05:30,24070.25,2025-04-28 09:30:00+05:30,24148.85,24148.85,23991.65,-78.6,3,0.0,15.0,-115.6,0.0,SL
2025-05-05,short,2025-05-05 09:15:00+05:30,24419.5,2025-05-05 10:40:00+05:30,24525.35,24525.35,24313.65,-105.85,17,0.0,85.0,-106.9,16.4,SL
2025-05-07,long,2025-05-07 09:15:00+05:30,24233.3,2025-05-07 09:20:00+05:30,24366.25,24130.7,24335.9,132.95,1,0.0,5.0,0.0,148.05,Target
2025-05-09,long,2025-05-09 09:15:00+05:30,23935.75,2025-05-09 09:20:00+05:30,24154.1,23717.4,24154.1,218.35,1,0.0,5.0,0.0,225.35,Target
2025-05-12,short,2025-05-12 09:15:00+05:30,24420.1,2025-05-12 12:35:00+05:30,24801.55,24801.55,24038.65,-381.45,40,0.0,200.0,-383.15,0.0,SL
2025-06-03,short,2025-06-03 09:15:00+05:30,24786.3,2025-06-03 09:20:00+05:30,24690.35,24882.25,24690.35,95.95,1,0.0,5.0,0.0,132.05,Target
2025-06-05,short,2025-06-05 09:15:00+05:30,24691.2,2025-06-05 12:00:00+05:30,24770.4,24770.4,24612.0,-79.2,33,0.0,165.0,-115.05,78.1,SL
2025-06-09,short,2025-06-09 09:15:00+05:30,25160.1,2025-06-09 15:20:00+05:30,25107.2,25319.9,25000.3,52.9,73,0.0,365.0,0.0,82.95,EOD
2025-06-10,short,2025-06-10 09:15:00+05:30,25196.05,2025-06-10 09:25:00+05:30,25103.1,25289.0,25103.1,92.95,2,0.0,10.0,0.0,110.65,Target
2025-06-13,long,2025-06-13 09:15:00+05:30,24473.0,2025-06-13 15:20:00+05:30,24729.35,24090.0,24856.0,256.35,73,0.0,365.0,0.0,281.35,EOD
2025-06-23,long,2025-06-23 09:15:00+05:30,24939.75,2025-06-23 15:20:00+05:30,24966.05,24799.75,25079.75,26.3,73,0.0,365.0,-114.9,117.25,EOD
2025-06-24,short,2025-06-24 09:15:00+05:30,25179.9,2025-06-24 15:20:00+05:30,25069.4,25400.9,24958.9,110.5,73,0.0,365.0,-137.8,180.2,EOD
2025-06-25,short,2025-06-25 09:15:00+05:30,25150.35,2025-06-25 13:05:00+05:30,25229.15,25229.15,25071.55,-78.8,46,0.0,230.0,-80.2,1.4,SL
2025-07-11,long,2025-07-11 09:15:00+05:30,25255.5,2025-07-11 11:00:00+05:30,25162.85,25162.85,25348.15,-92.65,21,0.0,105.0,-98.35,66.95,SL
2025-07-31,long,2025-07-31 09:15:00+05:30,24642.25,2025-07-31 12:20:00+05:30,24844.55,24439.95,24844.55,202.3,37,0.0,185.0,0.0,207.75,Target
2025-08-07,long,2025-08-07 09:15:00+05:30,24464.2,2025-08-07 13:25:00+05:30,24358.8,24358.8,24569.6,-105.4,50,0.0,250.0,-108.5,78.7,SL
2025-08-08,long,2025-08-08 09:15:00+05:30,24544.25,2025-08-08 10:00:00+05:30,24461.85,24461.85,24626.65,-82.4,9,0.0,45.0,-92.8,37.7,SL
2025-08-13,short,2025-08-13 09:15:00+05:30,24586.2,2025-08-13 15:20:00+05:30,24616.3,24686.55,24485.85,-30.1,73,0.0,365.0,-78.35,50.95,EOD
2025-08-18,short,2025-08-18 09:15:00+05:30,24938.2,2025-08-18 15:20:00+05:30,24874.6,25260.35,24616.05,63.6,73,0.0,365.0,-83.8,85.35,EOD
2025-08-21,short,2025-08-21 09:15:00+05:30,25142.0,2025-08-21 15:20:00+05:30,25078.85,25236.85,25047.15,63.15,73,0.0,365.0,-11.65,87.1,EOD
2025-08-25,short,2025-08-25 09:15:00+05:30,24949.15,2025-08-25 15:20:00+05:30,24974.6,25028.85,24869.45,-25.45,73,0.0,365.0,-72.4,54.8,EOD
2025-08-26,long,2025-08-26 09:15:00+05:30,24899.5,2025-08-26 09:20:00+05:30,24820.45,24820.45,24978.55,-79.05,1,0.0,5.0,-102.9,0.0,SL
2025-09-04,short,2025-09-04 09:15:00+05:30,24980.75,2025-09-04 14:25:00+05:30,24713.6,25247.9,24713.6,267.15,62,0.0,310.0,0.0,267.5,Target
2025-09-05,short,2025-09-05 09:15:00+05:30,24818.85,2025-09-05 10:10:00+05:30,24739.8,24897.9,24739.8,79.05,11,0.0,55.0,-13.5,144.1,Target
2025-09-10,short,2025-09-10 09:15:00+05:30,24991.0,2025-09-10 15:20:00+05:30,24981.65,25103.2,24878.8,9.35,73,0.0,365.0,-44.7,75.95,EOD
2025-09-18,short,2025-09-18 09:15:00+05:30,25441.05,2025-09-18 14:35:00+05:30,25330.15,25551.95,25330.15,110.9,64,0.0,320.0,-1.35,111.3,Target
2025-09-22,long,2025-09-22 09:15:00+05:30,25238.1,2025-09-22 15:20:00+05:30,25209.5,25123.7,25352.5,-28.6,73,0.0,365.0,-87.05,93.6,EOD
2025-09-24,long,2025-09-24 09:15:00+05:30,25108.75,2025-09-24 11:05:00+05:30,25031.7,25031.7,25185.8,-77.05,22,0.0,110.0,-81.3,5.35,SL
2025-09-26,long,2025-09-26 09:15:00+05:30,24818.55,2025-09-26 13:25:00+05:30,24732.55,24732.55,24904.55,-86.0,50,0.0,250.0,-86.15,8.3,SL
2025-10-03,long,2025-10-03 09:15:00+05:30,24759.55,2025-10-03 14:35:00+05:30,24853.4,24665.7,24853.4,93.85,64,0.0,320.0,-12.0,107.9,Target
2025-10-13,long,2025-10-13 09:15:00+05:30,25177.3,2025-10-13 15:20:00+05:30,25235.25,25076.4,25278.2,57.95,73,0.0,365.0,-25.0,90.0,EOD
2025-10-20,short,2025-10-20 09:15:00+05:30,25824.6,2025-10-20 15:20:00+05:30,25849.5,25944.5,25704.7,-24.9,73,0.0,365.0,-101.6,36.1,EOD
2025-10-23,short,2025-10-23 09:15:00+05:30,26057.2,2025-10-23 15:20:00+05:30,25872.8,26281.1,25833.3,184.4,73,0.0,365.0,-47.0,194.75,EOD
2025-10-30,long,2025-10-30 09:15:00+05:30,25984.4,2025-10-30 09:50:00+05:30,25900.5,25900.5,26068.3,-83.9,7,0.0,35.0,-84.55,8.8,SL
2025-11-07,long,2025-11-07 09:15:00+05:30,25433.8,2025-11-07 09:20:00+05:30,25347.65,25347.65,25519.95,-86.15,1,0.0,5.0,-108.65,0.0,SL
2025-11-12,short,2025-11-12 09:15:00+05:30,25834.3,2025-11-12 15:20:00+05:30,25858.4,25963.05,25705.55,-24.1,73,0.0,365.0,-100.25,53.15,EOD
2025-11-14,long,2025-11-14 09:15:00+05:30,25767.9,2025-11-14 15:00:00+05:30,25884.1,25651.7,25884.1,116.2,69,0.0,345.0,-27.1,125.65,Target
2025-11-20,short,2025-11-20 09:15:00+05:30,26132.1,2025-11-20 13:35:00+05:30,26211.5,26211.5,26052.7,-79.4,52,0.0,260.0,-82.5,68.9,SL
2025-11-21,long,2025-11-21 09:15:00+05:30,26109.55,2025-11-21 15:20:00+05:30,26055.75,26021.7,26197.4,-53.8,73,0.0,365.0,-53.6,69.65,EOD
2025-12-01,short,2025-12-01 09:15:00+05:30,26325.8,2025-12-01 11:45:00+05:30,26204.55,26447.05,26204.55,121.25,30,0.0,150.0,0.0,146.4,Target
2025-12-02,long,2025-12-02 09:15:00+05:30,26087.95,2025-12-02 14:55:00+05:30,25999.95,25999.95,26175.95,-88.0,68,0.0,340.0,-90.1,66.65,SL
2025-12-15,long,2025-12-15 09:15:00+05:30,25930.05,2025-12-15 13:10:00+05:30,26043.0,25817.1,26043.0,112.95,47,0.0,235.0,-25.3,114.95,Target
2025-12-19,short,2025-12-19 09:15:00+05:30,25911.5,2025-12-19 15:20:00+05:30,25970.15,26007.35,25815.65,-58.65,73,0.0,365.0,-81.85,5.9,EOD
2025-12-22,short,2025-12-22 09:15:00+05:30,26055.85,2025-12-22 12:20:00+05:30,26150.3,26150.3,25961.4,-94.45,37,0.0,185.0,-98.6,0.0,SL
2026-01-13,short,2026-01-13 09:15:00+05:30,25897.35,2026-01-13 09:25:00+05:30,25806.1,25988.6,25806.1,91.25,2,0.0,10.0,0.0,137.3,Target
2026-01-21,long,2026-01-21 09:15:00+05:30,25141.0,2026-01-21 09:20:00+05:30,25239.2,25056.65,25225.35,98.2,1,0.0,5.0,0.0,99.2,Target
2026-01-22,short,2026-01-22 09:15:00+05:30,25344.15,2026-01-22 15:20:00+05:30,25316.65,25520.2,25168.1,27.5,73,0.0,365.0,-91.6,175.65,EOD
2026-01-30,long,2026-01-30 09:15:00+05:30,25247.55,2026-01-30 15:20:00+05:30,25313.25,25073.0,25422.1,65.7,73,0.0,365.0,-33.9,123.15,EOD
2026-02-03,short,2026-02-03 09:15:00+05:30,26308.05,2026-02-03 15:20:00+05:30,25730.45,27536.2,25079.9,577.6,73,0.0,365.0,0.0,666.75,EOD
2026-02-09,short,2026-02-09 09:15:00+05:30,25888.7,2026-02-09 15:20:00+05:30,25864.0,26103.8,25673.6,24.7,73,0.0,365.0,0.0,107.8,EOD
2026-02-11,short,2026-02-11 09:15:00+05:30,25997.45,2026-02-11 10:00:00+05:30,25916.8,26078.1,25916.8,80.65,9,0.0,45.0,0.0,85.55,Target
2026-02-13,long,2026-02-13 09:15:00+05:30,25571.15,2026-02-13 15:20:00+05:30,25469.85,25346.15,25796.15,-101.3,73,0.0,365.0,-99.3,34.9,EOD
2026-02-23,short,2026-02-23 09:15:00+05:30,25678.4,2026-02-23 15:20:00+05:30,25719.3,25790.9,25565.9,-40.9,73,0.0,365.0,-93.05,69.05,EOD
2026-02-26,short,2026-02-26 09:15:00+05:30,25556.3,2026-02-26 11:40:00+05:30,25478.65,25633.95,25478.65,77.65,29,0.0,145.0,-16.65,98.25,Target
2026-03-02,long,2026-03-02 09:15:00+05:30,24659.25,2026-03-02 15:20:00+05:30,24864.25,24136.7,25181.8,205.0,73,0.0,365.0,-55.75,330.1,EOD
2026-03-04,long,2026-03-04 09:15:00+05:30,24388.8,2026-03-04 15:20:00+05:30,24470.45,23927.85,24849.75,81.65,73,0.0,365.0,-83.4,213.65,EOD
2026-03-05,short,2026-03-05 09:15:00+05:30,24615.95,2026-03-05 14:40:00+05:30,24757.95,24757.95,24473.95,-142.0,65,0.0,325.0,-145.2,86.55,SL
2026-03-06,long,2026-03-06 09:15:00+05:30,24656.4,2026-03-06 10:50:00+05:30,24575.35,24575.35,24737.45,-81.05,19,0.0,95.0,-81.25,31.7,SL
2026-03-09,long,2026-03-09 09:15:00+05:30,23868.05,2026-03-09 15:20:00+05:30,24014.65,23266.7,24469.4,146.6,73,0.0,365.0,-170.25,210.1,EOD
2026-03-10,short,2026-03-10 09:15:00+05:30,24280.8,2026-03-10 15:20:00+05:30,24291.35,24555.8,24005.8,-10.55,73,0.0,365.0,-15.85,200.85,EOD
2026-03-12,long,2026-03-12 09:15:00+05:30,23674.85,2026-03-12 15:20:00+05:30,23635.6,23501.5,23848.2,-39.25,73,0.0,365.0,-117.0,158.3,EOD
2026-03-13,long,2026-03-13 09:15:00+05:30,23462.5,2026-03-13 12:20:00+05:30,23285.65,23285.65,23639.35,-176.85,37,0.0,185.0,-193.45,29.9,SL
2026-03-17,short,2026-03-17 09:15:00+05:30,23493.2,2026-03-17 09:25:00+05:30,23355.6,23630.8,23355.6,137.6,2,0.0,10.0,0.0,146.6,Target
2026-03-18,short,2026-03-18 09:15:00+05:30,23632.9,2026-03-18 09:20:00+05:30,23721.6,23707.0,23558.8,-88.7,1,0.0,5.0,-106.0,0.0,SL
2026-03-19,long,2026-03-19 09:15:00+05:30,23197.75,2026-03-19 15:20:00+05:30,23069.15,22631.4,23764.1,-128.6,73,0.0,365.0,-267.4,154.75,EOD
2026-03-23,long,2026-03-23 09:15:00+05:30,22824.35,2026-03-23 10:50:00+05:30,22514.05,22514.05,23134.65,-310.3,19,0.0,95.0,-314.7,0.0,SL
2026-03-24,short,2026-03-24 09:15:00+05:30,22878.45,2026-03-24 15:20:00+05:30,22931.35,23264.25,22492.65,-52.9,73,0.0,365.0,-178.85,254.25,EOD
2026-03-25,short,2026-03-25 09:15:00+05:30,23064.4,2026-03-25 09:20:00+05:30,23170.4,23170.4,22958.4,-106.0,1,0.0,5.0,-138.35,0.0,SL
2026-03-27,long,2026-03-27 09:15:00+05:30,23173.55,2026-03-27 09:20:00+05:30,23038.1,23038.1,23309.0,-135.45,1,0.0,5.0,-148.05,0.0,SL
2026-03-30,long,2026-03-30 09:15:00+05:30,22549.65,2026-03-30 15:20:00+05:30,22377.45,22259.8,22839.5,-172.2,73,0.0,365.0,-265.8,164.45,EOD
2026-04-01,short,2026-04-01 09:15:00+05:30,22899.0,2026-04-01 15:20:00+05:30,22683.5,23418.8,22379.2,215.5,73,0.0,365.0,-42.3,280.4,EOD
2026-04-02,long,2026-04-02 09:15:00+05:30,22383.4,2026-04-02 14:30:00+05:30,22703.15,22063.65,22703.15,319.75,63,0.0,315.0,-200.85,323.25,Target
2026-04-06,short,2026-04-06 09:15:00+05:30,22780.3,2026-04-06 09:20:00+05:30,22671.3,22859.9,22700.7,109.0,1,0.0,5.0,0.0,133.6,Target
2026-04-07,long,2026-04-07 09:15:00+05:30,22838.7,2026-04-07 10:20:00+05:30,22959.45,22717.95,22959.45,120.75,13,0.0,65.0,-79.95,127.9,Target
2026-04-08,short,2026-04-08 09:15:00+05:30,23855.15,2026-04-08 15:20:00+05:30,24004.2,24580.35,23129.95,-149.05,73,0.0,365.0,-170.0,0.0,EOD
2026-04-09,long,2026-04-09 09:15:00+05:30,23909.05,2026-04-09 09:50:00+05:30,23805.75,23805.75,24012.35,-103.3,7,0.0,35.0,-114.1,81.7,SL
2026-04-10,short,2026-04-10 09:15:00+05:30,23880.55,2026-04-10 09:55:00+05:30,23995.05,23995.05,23766.05,-114.5,8,0.0,40.0,-117.7,0.0,SL
2026-04-13,long,2026-04-13 09:15:00+05:30,23589.6,2026-04-13 15:20:00+05:30,23821.85,23128.7,24050.5,232.25,73,0.0,365.0,-16.6,317.8,EOD
2026-04-15,short,2026-04-15 09:15:00+05:30,24163.8,2026-04-15 15:20:00+05:30,24225.6,24508.7,23818.9,-61.8,73,0.0,365.0,-109.35,18.0,EOD
2026-04-16,short,2026-04-16 09:15:00+05:30,24385.2,2026-04-16 11:55:00+05:30,24211.9,24558.5,24211.9,173.3,32,0.0,160.0,-15.75,190.5,Target
2026-04-22,long,2026-04-22 09:15:00+05:30,24470.85,2026-04-22 10:00:00+05:30,24361.1,24361.1,24580.6,-109.75,9,0.0,45.0,-117.95,25.25,SL
2026-04-23,long,2026-04-23 09:15:00+05:30,24202.35,2026-04-23 15:20:00+05:30,24161.9,24037.05,24367.65,-40.45,73,0.0,365.0,-50.15,107.85,EOD
2026-04-29,short,2026-04-29 09:15:00+05:30,24096.9,2026-04-29 09:50:00+05:30,24177.3,24177.3,24016.5,-80.4,7,0.0,35.0,-81.0,36.95,SL
2026-04-30,long,2026-04-30 09:15:00+05:30,23996.95,2026-04-30 10:10:00+05:30,23830.3,23830.3,24163.6,-166.65,11,0.0,55.0,-172.85,0.0,SL
2026-05-06,short,2026-05-06 09:15:00+05:30,24171.0,2026-05-06 12:20:00+05:30,24052.15,24289.85,24052.15,118.85,37,0.0,185.0,-30.95,141.25,Target
2026-05-08,long,2026-05-08 09:15:00+05:30,24233.65,2026-05-08 13:55:00+05:30,24130.9,24130.9,24336.4,-102.75,56,0.0,280.0,-105.3,20.15,SL
2026-05-11,long,2026-05-11 09:15:00+05:30,23970.1,2026-05-11 15:20:00+05:30,23810.15,23760.4,24179.8,-159.95,73,0.0,365.0,-168.7,27.35,EOD
2026-05-12,long,2026-05-12 09:15:00+05:30,23722.6,2026-05-12 09:30:00+05:30,23624.85,23624.85,23820.35,-97.75,3,0.0,15.0,-104.9,15.2,SL
2026-05-14,short,2026-05-14 09:15:00+05:30,23530.25,2026-05-14 10:50:00+05:30,23428.7,23631.8,23428.7,101.55,19,0.0,95.0,-58.95,103.7,Target
2026-05-18,long,2026-05-18 09:15:00+05:30,23482.2,2026-05-18 13:00:00+05:30,23659.35,23305.05,23659.35,177.15,45,0.0,225.0,-165.1,179.45,Target
2026-05-20,long,2026-05-20 09:15:00+05:30,23457.25,2026-05-20 11:30:00+05:30,23606.2,23308.3,23606.2,148.95,27,0.0,135.0,-14.8,151.05,Target
2026-05-21,short,2026-05-21 09:15:00+05:30,23830.05,2026-05-21 11:15:00+05:30,23664.15,23995.95,23664.15,165.9,24,0.0,120.0,0.0,190.15,Target
2026-05-25,short,2026-05-25 09:15:00+05:30,23940.25,2026-05-25 15:20:00+05:30,24032.45,24131.65,23748.85,-92.2,73,0.0,365.0,-97.85,15.85,EOD
2026-06-02,long,2026-06-02 09:15:00+05:30,23229.15,2026-06-02 12:45:00+05:30,23379.2,23079.1,23379.2,150.05,42,0.0,210.0,0.0,205.35,Target
2026-06-03,long,2026-06-03 09:15:00+05:30,23415.95,2026-06-03 09:20:00+05:30,23299.9,23308.6,23523.3,-116.05,1,0.0,5.0,-130.0,0.0,SL
2026-06-04,long,2026-06-04 09:15:00+05:30,23282.45,2026-06-04 09:55:00+05:30,23396.95,23167.95,23396.95,114.5,8,0.0,40.0,0.0,160.9,Target
2026-06-08,long,2026-06-08 09:15:00+05:30,23080.7,2026-06-08 15:20:00+05:30,23104.0,22792.55,23368.85,23.3,73,0.0,365.0,0.0,186.6,EOD
2026-06-09,short,2026-06-09 09:15:00+05:30,23259.05,2026-06-09 15:20:00+05:30,23239.7,23414.4,23103.7,19.35,73,0.0,365.0,-20.35,154.6,EOD
2026-06-11,long,2026-06-11 09:15:00+05:30,23104.4,2026-06-11 11:20:00+05:30,23216.1,22992.7,23216.1,111.7,25,0.0,125.0,-11.6,115.9,Target
2026-06-12,short,2026-06-12 09:15:00+05:30,23412.55,2026-06-12 15:00:00+05:30,23638.55,23638.55,23186.55,-226.0,69,0.0,345.0,-226.85,98.65,SL
2026-06-15,short,2026-06-15 09:15:00+05:30,23984.85,2026-06-15 15:20:00+05:30,23856.85,24337.95,23631.75,128.0,73,0.0,365.0,-24.25,167.05,EOD
2026-06-19,long,2026-06-19 09:15:00+05:30,23991.2,2026-06-19 15:20:00+05:30,24033.9,23803.0,24179.4,42.7,73,0.0,365.0,-89.3,51.45,EOD
2026-06-25,short,2026-06-25 09:15:00+05:30,24125.85,2026-06-25 12:00:00+05:30,24238.55,24238.55,24013.15,-112.7,33,0.0,165.0,-124.0,0.0,SL
2026-07-02,short,2026-07-02 09:15:00+05:30,24062.2,2026-07-02 09:35:00+05:30,24136.3,24136.3,23988.1,-74.1,4,0.0,20.0,-87.95,0.0,SL
2026-07-03,short,2026-07-03 09:15:00+05:30,24375.65,2026-07-03 15:20:00+05:30,24266.1,24583.35,24167.95,109.55,73,0.0,365.0,0.0,122.9,EOD
2026-07-08,long,2026-07-08 09:15:00+05:30,24259.55,2026-07-08 13:45:00+05:30,24164.0,24164.0,24355.1,-95.55,54,0.0,270.0,-152.6,40.2,SL
2026-07-10,short,2026-07-10 09:15:00+05:30,24125.05,2026-07-10 15:20:00+05:30,24209.1,24268.2,23981.9,-84.05,73,0.0,365.0,-103.1,0.0,EOD
2026-07-13,long,2026-07-13 09:15:00+05:30,24039.4,2026-07-13 12:35:00+05:30,24211.65,23867.15,24211.65,172.25,40,0.0,200.0,-24.75,173.5,Target
2026-07-14,long,2026-07-14 09:15:00+05:30,24092.75,2026-07-14 15:20:00+05:30,24043.3,23976.9,24208.6,-49.45,73,0.0,365.0,-68.85,63.65,EOD
2026-07-20,long,2026-07-20 09:15:00+05:30,24190.05,2026-07-20 15:20:00+05:30,24245.15,24045.8,24334.3,55.1,73,,,,,eod
2026-07-23,long,2026-07-23 09:15:00+05:30,23904.8,2026-07-23 13:15:00+05:30,23813.35,23813.35,23996.25,-91.45,48,,,,,sl
2026-07-24,long,2026-07-24 09:15:00+05:30,23674.4,2026-07-24 15:20:00+05:30,23779.4,23479.2,23869.6,105.0,73,,,,,eod
2026-07-27,short,2026-07-27 09:15:00+05:30,23929.5,2026-07-27 15:20:00+05:30,24003.75,24091.55,23767.45,-74.25,73,,,,,eod
2026-07-29,short,2026-07-29 09:15:00+05:30,24188.05,2026-07-29 15:20:00+05:30,24238.05,24390.75,23985.35,-50.0,73,,,,,eod
2026-08-03,short,2026-08-03 09:15:00+05:30,24568.0,2026-08-03 15:20:00+05:30,24573.35,24752.4,24383.6,-5.35,73,,,,,eod
