date,side,entry_dt,exit_dt,entry,exit,sl,target,pnl,tag,gap_pct
2023-01-05,short,2023-01-05 09:15:00+05:30,2023-01-05 09:20:00+05:30,18101.95,18062.75,18151.95,18069.4,29.2,tgt,0.36
2023-01-09,short,2023-01-09 09:15:00+05:30,2023-01-09 09:30:00+05:30,17952.55,18002.55,18002.55,17909.2,-60.0,sl,0.49
2023-01-16,short,2023-01-16 09:15:00+05:30,2023-01-16 09:20:00+05:30,18033.15,17991.83,18083.15,17991.83,31.33,tgt,0.46
2023-01-23,short,2023-01-23 09:15:00+05:30,2023-01-23 09:20:00+05:30,18118.45,18072.88,18168.45,18072.88,35.58,tgt,0.51
2023-01-24,short,2023-01-24 09:15:00+05:30,2023-01-24 10:05:00+05:30,18183.95,18144.45,18233.95,18144.45,29.5,tgt,0.44
2023-01-31,short,2023-01-31 09:15:00+05:30,2023-01-31 09:20:00+05:30,17731.45,17614.8,17781.45,17699.35,106.65,tgt,0.36
2023-02-01,short,2023-02-01 09:15:00+05:30,2023-02-01 09:30:00+05:30,17811.6,17747.07,17861.6,17747.07,54.53,tgt,0.73
2023-02-03,short,2023-02-03 09:15:00+05:30,2023-02-03 09:20:00+05:30,17721.75,17666.75,17771.75,17666.75,45.0,tgt,0.62
2023-02-14,short,2023-02-14 09:15:00+05:30,2023-02-14 09:45:00+05:30,17840.35,17802.45,17890.35,17802.45,27.9,tgt,0.43
2023-02-16,short,2023-02-16 09:15:00+05:30,2023-02-16 12:40:00+05:30,18094.75,18058.97,18144.75,18058.97,25.78,tgt,0.4
2023-02-24,short,2023-02-24 09:15:00+05:30,2023-02-24 09:30:00+05:30,17591.35,17557.57,17641.35,17557.57,23.78,tgt,0.39
2023-03-03,short,2023-03-03 09:15:00+05:30,2023-03-03 10:10:00+05:30,17451.25,17501.25,17501.25,17384.95,-60.0,sl,0.77
2023-03-06,short,2023-03-06 09:15:00+05:30,2023-03-06 09:20:00+05:30,17680.35,17730.35,17730.35,17636.32,-60.0,sl,0.5
2023-03-15,short,2023-03-15 09:15:00+05:30,2023-03-15 10:40:00+05:30,17166.45,17117.55,17216.45,17117.55,38.9,tgt,0.57
2023-03-17,short,2023-03-17 09:15:00+05:30,2023-03-17 09:55:00+05:30,17111.8,17060.97,17161.8,17060.97,40.83,tgt,0.6
2023-03-22,short,2023-03-22 09:15:00+05:30,2023-03-22 09:30:00+05:30,17177.45,17142.2,17227.45,17142.2,25.25,tgt,0.41
2023-03-28,short,2023-03-28 09:15:00+05:30,2023-03-28 09:40:00+05:30,17031.75,16997.6,17081.75,16997.6,24.15,tgt,0.4
2023-03-31,short,2023-03-31 09:15:00+05:30,2023-03-31 09:20:00+05:30,17210.35,17260.35,17260.35,17163.35,-60.0,sl,0.55
2023-04-03,short,2023-04-03 09:15:00+05:30,2023-04-03 09:20:00+05:30,17427.95,17377.4,17477.95,17393.12,40.55,tgt,0.4
2023-04-11,short,2023-04-11 09:15:00+05:30,2023-04-11 12:25:00+05:30,17704.8,17658.92,17754.8,17658.92,35.88,tgt,0.52
2023-04-18,short,2023-04-18 09:15:00+05:30,2023-04-18 09:20:00+05:30,17766.6,17735.35,17816.6,17735.35,21.25,tgt,0.35
2023-04-24,short,2023-04-24 09:15:00+05:30,2023-04-24 09:20:00+05:30,17707.55,17663.22,17757.55,17663.22,34.33,tgt,0.5
2023-05-02,short,2023-05-02 09:15:00+05:30,2023-05-02 10:05:00+05:30,18124.8,18174.8,18174.8,18086.85,-60.0,sl,0.42
2023-05-18,short,2023-05-18 09:15:00+05:30,2023-05-18 09:35:00+05:30,18287.5,18242.72,18337.5,18242.72,34.78,tgt,0.49
2023-05-29,short,2023-05-29 09:15:00+05:30,2023-05-29 15:20:00+05:30,18619.15,18595.55,18669.15,18555.53,13.6,eod,0.69
2023-06-02,short,2023-06-02 09:15:00+05:30,2023-06-02 09:55:00+05:30,18550.85,18518.47,18600.85,18518.47,22.38,tgt,0.35
2023-06-05,short,2023-06-05 09:15:00+05:30,2023-06-05 15:20:00+05:30,18612.0,18598.3,18662.0,18568.92,3.7,eod,0.47
2023-06-28,short,2023-06-28 09:15:00+05:30,2023-06-28 09:30:00+05:30,18908.15,18863.38,18958.15,18863.38,34.78,tgt,0.48
2023-06-30,short,2023-06-30 09:15:00+05:30,2023-06-30 12:30:00+05:30,19076.85,19126.85,19126.85,19034.38,-60.0,sl,0.45
2023-07-04,short,2023-07-04 09:15:00+05:30,2023-07-04 09:35:00+05:30,19406.6,19368.62,19456.6,19368.62,27.97,tgt,0.39
2023-07-10,short,2023-07-10 09:15:00+05:30,2023-07-10 09:20:00+05:30,19400.35,19362.5,19450.35,19362.5,27.85,tgt,0.39
2023-07-13,short,2023-07-13 09:15:00+05:30,2023-07-13 09:55:00+05:30,19495.2,19545.2,19545.2,19439.97,-60.0,sl,0.57
2023-07-27,short,2023-07-27 09:15:00+05:30,2023-07-27 09:55:00+05:30,19850.9,19812.0,19900.9,19812.0,28.9,tgt,0.39
2023-08-04,short,2023-08-04 09:15:00+05:30,2023-08-04 11:25:00+05:30,19462.8,19512.8,19512.8,19428.62,-60.0,sl,0.35
2023-08-24,short,2023-08-24 09:15:00+05:30,2023-08-24 11:05:00+05:30,19535.15,19488.35,19585.15,19488.35,36.8,tgt,0.48
2023-08-29,short,2023-08-29 09:15:00+05:30,2023-08-29 09:20:00+05:30,19374.85,19332.1,19424.85,19338.75,32.75,tgt,0.37
2023-08-30,short,2023-08-30 09:15:00+05:30,2023-08-30 14:35:00+05:30,19433.45,19393.2,19483.45,19393.2,30.25,tgt,0.42
2023-09-04,short,2023-09-04 09:15:00+05:30,2023-09-04 09:35:00+05:30,19525.05,19474.2,19575.05,19474.2,40.85,tgt,0.52
2023-09-11,short,2023-09-11 09:15:00+05:30,2023-09-11 10:40:00+05:30,19890.0,19940.0,19940.0,19855.25,-60.0,sl,0.35
2023-09-12,short,2023-09-12 09:15:00+05:30,2023-09-12 09:25:00+05:30,20110.15,20055.08,20160.15,20055.08,45.08,tgt,0.55
2023-10-05,short,2023-10-05 09:15:00+05:30,2023-10-05 11:10:00+05:30,19521.85,19571.85,19571.85,19484.0,-60.0,sl,0.39
2023-10-06,short,2023-10-06 09:15:00+05:30,2023-10-06 14:55:00+05:30,19621.2,19671.2,19671.2,19583.9,-60.0,sl,0.38
2023-10-11,short,2023-10-11 09:15:00+05:30,2023-10-11 09:30:00+05:30,19767.0,19817.0,19817.0,19729.25,-60.0,sl,0.38
2023-10-17,short,2023-10-17 09:15:00+05:30,2023-10-17 14:10:00+05:30,19843.2,19787.08,19893.2,19787.08,46.12,tgt,0.57
2023-10-27,short,2023-10-27 09:15:00+05:30,2023-10-27 09:20:00+05:30,18928.75,18978.75,18978.75,18888.62,-60.0,sl,0.43
2023-10-31,short,2023-10-31 09:15:00+05:30,2023-10-31 09:20:00+05:30,19232.95,19173.95,19282.95,19190.9,49.0,tgt,0.44
2023-11-02,short,2023-11-02 09:15:00+05:30,2023-11-02 09:35:00+05:30,19120.0,19170.0,19170.0,19055.2,-60.0,sl,0.68
2023-11-03,short,2023-11-03 09:15:00+05:30,2023-11-03 15:20:00+05:30,19241.0,19228.25,19291.0,19192.92,2.75,eod,0.5
2023-11-06,short,2023-11-06 09:15:00+05:30,2023-11-06 15:00:00+05:30,19345.85,19395.85,19395.85,19285.95,-60.0,sl,0.62
2023-11-12,short,2023-11-12 18:15:00+05:30,2023-11-12 18:20:00+05:30,19547.25,19534.6,19597.25,19495.35,2.65,eod,0.53
2023-11-15,short,2023-11-15 09:15:00+05:30,2023-11-15 15:20:00+05:30,19651.4,19690.95,19701.4,19545.78,-49.55,eod,1.09
2023-11-21,short,2023-11-21 09:15:00+05:30,2023-11-21 12:20:00+05:30,19770.9,19820.9,19820.9,19732.28,-60.0,sl,0.39
2023-12-04,short,2023-12-04 09:15:00+05:30,2023-12-04 14:30:00+05:30,20601.95,20651.95,20651.95,20428.85,-60.0,sl,1.71
2023-12-05,short,2023-12-05 09:15:00+05:30,2023-12-05 09:20:00+05:30,20808.9,20724.4,20858.9,20747.85,74.5,tgt,0.59
2023-12-06,short,2023-12-06 09:15:00+05:30,2023-12-06 09:30:00+05:30,20950.75,20903.72,21000.75,20903.72,37.03,tgt,0.45
2023-12-14,short,2023-12-14 09:15:00+05:30,2023-12-14 09:50:00+05:30,21110.4,21160.4,21160.4,21023.93,-60.0,sl,0.83
2023-12-15,short,2023-12-15 09:15:00+05:30,2023-12-15 09:35:00+05:30,21287.45,21241.35,21337.45,21241.35,36.1,tgt,0.44
2023-12-20,short,2023-12-20 09:15:00+05:30,2023-12-20 11:50:00+05:30,21543.5,21494.75,21593.5,21494.75,38.75,tgt,0.45
2024-01-04,short,2024-01-04 09:15:00+05:30,2024-01-04 11:15:00+05:30,21605.8,21655.8,21655.8,21564.75,-60.0,sl,0.38
2024-01-09,short,2024-01-09 09:15:00+05:30,2024-01-09 10:40:00+05:30,21653.6,21703.6,21703.6,21582.47,-60.0,sl,0.66
2024-01-12,short,2024-01-12 09:15:00+05:30,2024-01-12 09:30:00+05:30,21773.55,21721.47,21823.55,21721.47,42.08,tgt,0.48
2024-01-15,short,2024-01-15 09:15:00+05:30,2024-01-15 09:55:00+05:30,22053.15,21980.7,22103.15,21980.7,62.45,tgt,0.66
2024-01-19,short,2024-01-19 09:15:00+05:30,2024-01-19 09:40:00+05:30,21615.2,21665.2,21665.2,21546.22,-60.0,sl,0.64
2024-01-23,short,2024-01-23 09:15:00+05:30,2024-01-23 10:00:00+05:30,21716.7,21651.83,21766.7,21651.83,54.88,tgt,0.6
2024-02-02,short,2024-02-02 09:15:00+05:30,2024-02-02 09:20:00+05:30,21812.75,21919.25,21862.75,21751.53,-116.5,sl,0.56
2024-02-07,short,2024-02-07 09:15:00+05:30,2024-02-07 09:25:00+05:30,22045.05,21991.92,22095.05,21991.92,43.12,tgt,0.48
2024-02-16,short,2024-02-16 09:15:00+05:30,2024-02-16 09:45:00+05:30,22020.3,21973.67,22070.3,21973.67,36.62,tgt,0.43
2024-03-02,short,2024-03-02 09:15:00+05:30,2024-03-02 12:25:00+05:30,22406.95,22373.4,22456.95,22366.5,23.55,eod,0.36
2024-03-13,short,2024-03-13 09:15:00+05:30,2024-03-13 09:20:00+05:30,22432.2,22382.95,22482.2,22382.95,39.25,tgt,0.44
2024-03-21,short,2024-03-21 09:15:00+05:30,2024-03-21 10:05:00+05:30,21989.9,22039.9,22039.9,21922.5,-60.0,sl,0.62
2024-04-01,short,2024-04-01 09:15:00+05:30,2024-04-01 09:20:00+05:30,22455.0,22512.55,22505.0,22399.05,-67.55,sl,0.5
2024-04-04,short,2024-04-04 09:15:00+05:30,2024-04-04 09:30:00+05:30,22592.1,22518.82,22642.1,22518.82,63.28,tgt,0.65
2024-04-09,short,2024-04-09 09:15:00+05:30,2024-04-09 09:20:00+05:30,22765.1,22707.3,22815.1,22713.05,47.8,tgt,0.46
2024-04-22,short,2024-04-22 09:15:00+05:30,2024-04-22 09:25:00+05:30,22336.9,22243.3,22386.9,22243.3,83.6,tgt,0.85
2024-05-03,short,2024-05-03 09:15:00+05:30,2024-05-03 10:05:00+05:30,22766.35,22711.55,22816.35,22711.55,44.8,tgt,0.48
2024-05-06,short,2024-05-06 09:15:00+05:30,2024-05-06 09:20:00+05:30,22561.6,22509.15,22611.6,22509.15,42.45,tgt,0.47
2024-05-16,short,2024-05-16 09:15:00+05:30,2024-05-16 09:30:00+05:30,22319.2,22264.8,22369.2,22264.8,44.4,tgt,0.49
2024-05-27,short,2024-05-27 09:15:00+05:30,2024-05-27 09:20:00+05:30,23038.95,22995.47,23088.95,22995.47,33.48,tgt,0.38
2024-06-03,short,2024-06-03 09:15:00+05:30,2024-06-03 15:20:00+05:30,23337.9,23283.55,23387.9,22944.18,44.35,eod,3.49
2024-06-05,short,2024-06-05 09:15:00+05:30,2024-06-05 09:20:00+05:30,22128.35,21969.4,22178.35,22062.4,148.95,tgt,0.6
2024-06-06,short,2024-06-06 09:15:00+05:30,2024-06-06 09:20:00+05:30,22798.6,22685.8,22848.6,22685.8,102.8,tgt,1.0
2024-06-12,short,2024-06-12 09:15:00+05:30,2024-06-12 09:55:00+05:30,23344.45,23394.45,23394.45,23303.12,-60.0,sl,0.36
2024-06-13,short,2024-06-13 09:15:00+05:30,2024-06-13 09:35:00+05:30,23480.95,23394.68,23530.95,23394.68,76.27,tgt,0.74
2024-06-18,short,2024-06-18 09:15:00+05:30,2024-06-18 09:20:00+05:30,23570.8,23512.47,23620.8,23512.47,48.33,tgt,0.5
2024-07-02,short,2024-07-02 09:15:00+05:30,2024-07-02 09:20:00+05:30,24228.75,24175.95,24278.75,24175.95,42.8,tgt,0.44
2024-07-03,short,2024-07-03 09:15:00+05:30,2024-07-03 15:20:00+05:30,24291.75,24295.6,24341.75,24204.78,-13.85,eod,0.72
2024-07-29,short,2024-07-29 09:15:00+05:30,2024-07-29 09:40:00+05:30,24943.3,24897.53,24993.3,24897.53,35.77,tgt,0.37
2024-08-06,short,2024-08-06 09:15:00+05:30,2024-08-06 09:20:00+05:30,24189.85,24337.5,24239.85,24120.82,-157.65,sl,0.57
2024-08-07,short,2024-08-07 09:15:00+05:30,2024-08-07 15:20:00+05:30,24289.4,24305.7,24339.4,24161.22,-26.3,eod,1.07
2024-08-09,short,2024-08-09 09:15:00+05:30,2024-08-09 15:20:00+05:30,24386.85,24373.65,24436.85,24242.78,3.2,eod,1.2
2024-08-16,short,2024-08-16 09:15:00+05:30,2024-08-16 09:20:00+05:30,24334.85,24384.85,24384.85,24239.67,-60.0,sl,0.79
2024-08-19,short,2024-08-19 09:15:00+05:30,2024-08-19 09:25:00+05:30,24636.35,24587.78,24686.35,24587.78,38.57,tgt,0.4
2024-08-30,short,2024-08-30 09:15:00+05:30,2024-08-30 10:00:00+05:30,25249.7,25203.22,25299.7,25203.22,36.48,tgt,0.37
2024-09-12,short,2024-09-12 09:15:00+05:30,2024-09-12 09:50:00+05:30,25059.65,25005.72,25109.65,25005.72,43.93,tgt,0.43
2024-09-13,short,2024-09-13 09:15:00+05:30,2024-09-13 09:20:00+05:30,25430.45,25343.3,25480.45,25372.7,77.15,tgt,0.46
2024-09-19,short,2024-09-19 09:15:00+05:30,2024-09-19 09:20:00+05:30,25487.05,25553.65,25537.05,25415.25,-76.6,sl,0.57
2024-10-21,short,2024-10-21 09:15:00+05:30,2024-10-21 09:25:00+05:30,24956.15,24909.4,25006.15,24909.4,36.75,tgt,0.38
2024-11-06,short,2024-11-06 09:15:00+05:30,2024-11-06 09:20:00+05:30,24308.75,24253.45,24358.75,24253.45,45.3,tgt,0.46
2024-11-12,short,2024-11-12 09:15:00+05:30,2024-11-12 09:25:00+05:30,24225.8,24173.95,24275.8,24173.95,41.85,tgt,0.43
2024-11-25,short,2024-11-25 09:15:00+05:30,2024-11-25 09:25:00+05:30,24253.55,24303.55,24303.55,24063.53,-60.0,sl,1.59
2024-11-26,short,2024-11-26 09:15:00+05:30,2024-11-26 09:25:00+05:30,24343.3,24297.05,24393.3,24297.05,36.25,tgt,0.38
2024-12-03,short,2024-12-03 09:15:00+05:30,2024-12-03 09:20:00+05:30,24367.5,24315.0,24417.5,24321.38,42.5,tgt,0.38
2024-12-23,short,2024-12-23 09:15:00+05:30,2024-12-23 09:20:00+05:30,23738.2,23788.2,23788.2,23684.78,-60.0,sl,0.45
2025-01-16,short,2025-01-16 09:15:00+05:30,2025-01-16 09:55:00+05:30,23377.25,23302.67,23427.25,23302.67,64.58,tgt,0.64
2025-01-20,short,2025-01-20 09:15:00+05:30,2025-01-20 09:20:00+05:30,23298.9,23226.95,23348.9,23251.0,61.95,tgt,0.41
2025-01-21,short,2025-01-21 09:15:00+05:30,2025-01-21 09:25:00+05:30,23421.65,23379.35,23471.65,23379.35,32.3,tgt,0.36
2025-01-28,short,2025-01-28 09:15:00+05:30,2025-01-28 09:25:00+05:30,22960.45,22888.65,23010.45,22888.65,61.8,tgt,0.63
2025-02-04,short,2025-02-04 09:15:00+05:30,2025-02-04 09:40:00+05:30,23509.9,23559.9,23559.9,23434.8,-60.0,sl,0.64
2025-02-05,short,2025-02-05 09:15:00+05:30,2025-02-05 09:20:00+05:30,23801.75,23754.72,23851.75,23754.72,37.03,tgt,0.4
2025-03-06,short,2025-03-06 09:15:00+05:30,2025-03-06 09:20:00+05:30,22476.35,22411.5,22526.35,22411.5,54.85,tgt,0.58
2025-03-18,short,2025-03-18 09:15:00+05:30,2025-03-18 10:00:00+05:30,22662.25,22712.25,22712.25,22588.75,-60.0,sl,0.65
2025-03-20,short,2025-03-20 09:15:00+05:30,2025-03-20 10:10:00+05:30,23036.6,22974.2,23086.6,22974.2,52.4,tgt,0.54
2025-03-24,short,2025-03-24 09:15:00+05:30,2025-03-24 09:40:00+05:30,23515.4,23435.53,23565.4,23435.53,69.88,tgt,0.68
2025-03-26,short,2025-03-26 09:15:00+05:30,2025-03-26 09:40:00+05:30,23700.95,23653.45,23750.95,23653.45,37.5,tgt,0.4
2025-04-08,short,2025-04-08 09:15:00+05:30,2025-04-08 09:20:00+05:30,22446.75,22525.05,22496.75,22342.38,-88.3,sl,0.94
2025-04-11,short,2025-04-11 09:15:00+05:30,2025-04-11 09:20:00+05:30,22695.4,22766.05,22745.4,22557.9,-80.65,sl,1.23
2025-04-15,short,2025-04-15 09:15:00+05:30,2025-04-15 15:20:00+05:30,23368.35,23343.35,23418.35,23106.42,15.0,eod,2.29
2025-04-21,short,2025-04-21 09:15:00+05:30,2025-04-21 09:35:00+05:30,23949.15,23999.15,23999.15,23893.45,-60.0,sl,0.47
2025-04-23,short,2025-04-23 09:15:00+05:30,2025-04-23 10:05:00+05:30,24357.6,24245.82,24407.6,24245.82,101.78,tgt,0.93
2025-05-05,short,2025-05-05 09:15:00+05:30,2025-05-05 09:25:00+05:30,24419.5,24469.5,24469.5,24366.58,-60.0,sl,0.44
2025-05-12,short,2025-05-12 09:15:00+05:30,2025-05-12 09:20:00+05:30,24420.1,24562.45,24470.1,24229.38,-152.35,sl,1.59
2025-06-03,short,2025-06-03 09:15:00+05:30,2025-06-03 09:20:00+05:30,24786.3,24691.85,24836.3,24738.32,84.45,tgt,0.39
2025-06-09,short,2025-06-09 09:15:00+05:30,2025-06-09 09:40:00+05:30,25160.1,25080.2,25210.1,25080.2,69.9,tgt,0.64
2025-06-10,short,2025-06-10 09:15:00+05:30,2025-06-10 09:20:00+05:30,25196.05,25128.4,25246.05,25149.57,57.65,tgt,0.37
2025-06-24,short,2025-06-24 09:15:00+05:30,2025-06-24 09:20:00+05:30,25179.9,25234.8,25229.9,25069.4,-64.9,sl,0.89
2025-08-13,short,2025-08-13 09:15:00+05:30,2025-08-13 09:30:00+05:30,24586.2,24536.03,24636.2,24536.03,40.17,tgt,0.41
2025-08-18,short,2025-08-18 09:15:00+05:30,2025-08-18 09:30:00+05:30,24938.2,24988.2,24988.2,24777.12,-60.0,sl,1.31
2025-08-21,short,2025-08-21 09:15:00+05:30,2025-08-21 09:20:00+05:30,25142.0,25074.7,25192.0,25094.58,57.3,tgt,0.38
2025-09-04,short,2025-09-04 09:15:00+05:30,2025-09-04 10:10:00+05:30,24980.75,24847.17,25030.75,24847.17,123.58,tgt,1.08
2025-09-10,short,2025-09-10 09:15:00+05:30,2025-09-10 14:40:00+05:30,24991.0,24934.9,25041.0,24934.9,46.1,tgt,0.45
2025-09-18,short,2025-09-18 09:15:00+05:30,2025-09-18 12:35:00+05:30,25441.05,25385.6,25491.05,25385.6,45.45,tgt,0.44
2025-10-20,short,2025-10-20 09:15:00+05:30,2025-10-20 09:20:00+05:30,25824.6,25903.25,25874.6,25764.65,-88.65,sl,0.47
2025-10-23,short,2025-10-23 09:15:00+05:30,2025-10-23 14:20:00+05:30,26057.2,25945.25,26107.2,25945.25,101.95,tgt,0.87
2025-11-12,short,2025-11-12 09:15:00+05:30,2025-11-12 11:15:00+05:30,25834.3,25884.3,25884.3,25769.92,-60.0,sl,0.5
2025-12-01,short,2025-12-01 09:15:00+05:30,2025-12-01 09:55:00+05:30,26325.8,26265.17,26375.8,26265.17,50.62,tgt,0.46
2025-12-19,short,2025-12-19 09:15:00+05:30,2025-12-19 09:30:00+05:30,25911.5,25961.5,25961.5,25863.58,-60.0,sl,0.37
2025-12-22,short,2025-12-22 09:15:00+05:30,2025-12-22 09:20:00+05:30,26055.85,26105.85,26105.85,26008.62,-60.0,sl,0.36
2026-01-13,short,2026-01-13 09:15:00+05:30,2026-01-13 09:20:00+05:30,25897.35,25845.75,25947.35,25851.72,41.6,tgt,0.35
2026-01-22,short,2026-01-22 09:15:00+05:30,2026-01-22 09:25:00+05:30,25344.15,25394.15,25394.15,25256.12,-60.0,sl,0.7
2026-02-03,short,2026-02-03 09:15:00+05:30,2026-02-03 09:45:00+05:30,26308.05,25693.97,26358.05,25693.97,604.08,tgt,4.9
2026-02-09,short,2026-02-09 09:15:00+05:30,2026-02-09 09:40:00+05:30,25888.7,25781.15,25938.7,25781.15,97.55,tgt,0.84
2026-02-23,short,2026-02-23 09:15:00+05:30,2026-02-23 09:20:00+05:30,25678.4,25728.4,25728.4,25622.15,-60.0,sl,0.44
2026-03-05,short,2026-03-05 09:15:00+05:30,2026-03-05 09:35:00+05:30,24615.95,24544.95,24665.95,24544.95,61.0,tgt,0.58
2026-03-10,short,2026-03-10 09:15:00+05:30,2026-03-10 09:20:00+05:30,24280.8,24143.3,24330.8,24143.3,127.5,tgt,1.15
2026-03-17,short,2026-03-17 09:15:00+05:30,2026-03-17 09:20:00+05:30,23493.2,23393.2,23543.2,23424.4,90.0,tgt,0.59
2026-03-24,short,2026-03-24 09:15:00+05:30,2026-03-24 10:05:00+05:30,22878.45,22685.55,22928.45,22685.55,182.9,tgt,1.72
2026-03-25,short,2026-03-25 09:15:00+05:30,2026-03-25 09:20:00+05:30,23064.4,23162.2,23114.4,23011.4,-107.8,sl,0.46
2026-04-01,short,2026-04-01 09:15:00+05:30,2026-04-01 14:45:00+05:30,22899.0,22639.1,22949.0,22639.1,249.9,tgt,2.32
2026-04-06,short,2026-04-06 09:15:00+05:30,2026-04-06 09:20:00+05:30,22780.3,22671.3,22830.3,22740.5,99.0,tgt,0.35
2026-04-08,short,2026-04-08 09:15:00+05:30,2026-04-08 09:20:00+05:30,23855.15,23905.15,23905.15,23492.55,-60.0,sl,3.14
2026-04-10,short,2026-04-10 09:15:00+05:30,2026-04-10 09:20:00+05:30,23880.55,23966.85,23930.55,23823.3,-96.3,sl,0.48
2026-04-15,short,2026-04-15 09:15:00+05:30,2026-04-15 09:20:00+05:30,24163.8,24231.6,24213.8,23991.35,-77.8,sl,1.45
2026-04-16,short,2026-04-16 09:15:00+05:30,2026-04-16 09:45:00+05:30,24385.2,24298.55,24435.2,24298.55,76.65,tgt,0.72
2026-05-06,short,2026-05-06 09:15:00+05:30,2026-05-06 10:00:00+05:30,24171.0,24111.58,24221.0,24111.58,49.42,tgt,0.49
2026-05-14,short,2026-05-14 09:15:00+05:30,2026-05-14 09:25:00+05:30,23530.25,23580.25,23580.25,23479.47,-60.0,sl,0.43
2026-05-21,short,2026-05-21 09:15:00+05:30,2026-05-21 09:30:00+05:30,23830.05,23747.1,23880.05,23747.1,72.95,tgt,0.7
2026-05-25,short,2026-05-25 09:15:00+05:30,2026-05-25 10:40:00+05:30,23940.25,23990.25,23990.25,23844.55,-60.0,sl,0.81
2026-06-09,short,2026-06-09 09:15:00+05:30,2026-06-09 09:45:00+05:30,23259.05,23181.38,23309.05,23181.38,67.67,tgt,0.67
2026-06-12,short,2026-06-12 09:15:00+05:30,2026-06-12 13:35:00+05:30,23412.55,23462.55,23462.55,23299.55,-60.0,sl,0.97
2026-06-15,short,2026-06-15 09:15:00+05:30,2026-06-15 15:20:00+05:30,23984.85,23856.85,24034.85,23808.3,118.0,eod,1.49
2026-06-25,short,2026-06-25 09:15:00+05:30,2026-06-25 09:50:00+05:30,24125.85,24175.85,24175.85,24069.5,-60.0,sl,0.47
2026-07-03,short,2026-07-03 09:15:00+05:30,2026-07-03 14:20:00+05:30,24375.65,24271.8,24425.65,24271.8,93.85,tgt,0.86
2026-07-10,short,2026-07-10 09:15:00+05:30,2026-07-10 09:20:00+05:30,24125.05,24175.05,24175.05,24053.47,-60.0,sl,0.6
2026-07-27,short,2026-07-27 09:15:00+05:30,2026-07-27 14:00:00+05:30,23929.5,23979.5,23979.5,23848.47,-60.0,sl,0.68
2026-07-29,short,2026-07-29 09:15:00+05:30,2026-07-29 10:35:00+05:30,24188.05,24238.05,24238.05,24086.7,-60.0,sl,0.85
2026-08-03,short,2026-08-03 09:15:00+05:30,2026-08-03 15:20:00+05:30,24568.0,24573.35,24618.0,24475.8,-15.35,eod,0.76
2026-08-20,short,2026-08-20 09:15:00+05:30,2026-08-20 15:20:00+05:30,24225.2,24211.6,24275.2,24151.75,3.6,eod,0.61
