date,side,reversal,entry_dt,entry,sl,target,exit_dt,exit,exit_reason,bars_held,entry_wait_min,exit_wait_min,mae,mfe,pnl
2015-04-06,long,R,2015-04-06T15:25:00+05:30,8659.9,8573.8,,2015-04-16T15:25:00+05:30,8706.7,trail,6,0,2250,-73.1,181.8,46.8
2015-05-18,long,R,2015-05-18T15:25:00+05:30,8373.7,8272.0,,2015-05-25T15:25:00+05:30,8370.2,trail,5,0,1875,-38.7,115.9,-3.4
2015-06-19,long,R,2015-06-19T15:25:00+05:30,8225.0,8195.7,,2015-06-29T15:25:00+05:30,8318.4,trail,6,0,2250,-29.3,198.2,93.5
2015-07-01,long,U,2015-07-01T15:25:00+05:30,8453.0,8370.2,,2015-07-08T15:25:00+05:30,8363.0,trail,5,0,1875,-111.6,108.3,-90.0
2015-07-13,long,G,2015-07-13T15:25:00+05:30,8459.7,8355.4,,2015-07-21T15:25:00+05:30,8529.5,trail,6,0,2250,-35.6,187.1,69.8
2015-07-22,long,W,2015-07-22T15:25:00+05:30,8633.5,8498.7,,2015-07-24T15:25:00+05:30,8521.5,trail,2,0,750,-120.0,21.2,-112.0
2015-07-31,long,R,2015-07-31T15:25:00+05:30,8532.8,8448.0,,2015-08-10T15:25:00+05:30,8525.6,trail,6,0,2250,-84.6,88.7,-7.2
2015-08-14,long,R,2015-08-14T15:25:00+05:30,8518.5,8381.2,,2015-08-20T15:25:00+05:30,8372.8,trail,4,0,1500,-158.8,12.0,-145.8
2015-09-16,long,R,2015-09-16T15:25:00+05:30,7899.1,7853.3,,2015-09-22T15:25:00+05:30,7812.0,trail,3,0,1125,-111.4,155.9,-87.1
2015-09-23,long,R,2015-09-23T15:25:00+05:30,7846.0,7723.2,,2015-09-28T15:25:00+05:30,7795.7,trail,2,0,750,-58.0,48.5,-50.2
2015-09-29,long,R,2015-09-29T15:25:00+05:30,7843.3,7691.2,,2015-10-08T15:25:00+05:30,8129.4,trail,6,0,2250,31.2,353.5,286.1
2015-10-09,long,G,2015-10-09T15:25:00+05:30,8189.7,8139.6,,2015-10-26T15:25:00+05:30,8260.5,trail,10,0,3750,-101.1,146.6,70.8
2015-11-27,long,R,2015-11-27T15:25:00+05:30,7942.7,7879.5,,2015-12-02T15:25:00+05:30,7931.4,trail,3,0,1125,-31.9,36.6,-11.4
2015-12-17,long,R,2015-12-17T15:25:00+05:30,7844.4,7737.5,,2015-12-30T15:25:00+05:30,7896.2,trail,8,0,3000,-110.9,100.4,51.9
2016-01-29,long,R,2016-01-29T15:25:00+05:30,7563.5,7402.8,,2016-02-02T15:25:00+05:30,7455.5,trail,2,0,750,-135.5,36.9,-108.0
2016-02-05,long,R,2016-02-05T15:25:00+05:30,7489.1,7406.6,,2016-02-08T15:25:00+05:30,7387.2,trail,1,0,375,-125.9,23.4,-101.9
2016-03-01,long,R,2016-03-01T15:25:00+05:30,7222.3,7035.1,,2016-03-15T15:25:00+05:30,7460.6,trail,9,0,3375,85.9,361.4,238.3
2016-03-22,long,U,2016-03-22T15:25:00+05:30,7714.9,7643.8,,2016-03-28T15:25:00+05:30,7615.1,trail,2,0,750,-127.2,34.5,-99.8
2016-03-30,long,G,2016-03-30T15:25:00+05:30,7735.2,7643.5,,2016-04-05T15:25:00+05:30,7603.2,trail,4,0,1500,-146.6,42.4,-132.0
2016-04-11,long,R,2016-04-11T15:25:00+05:30,7671.4,7516.9,,2016-04-25T15:25:00+05:30,7855.0,trail,7,0,2625,-8.0,307.1,183.6
2016-04-26,long,W,2016-04-26T15:25:00+05:30,7962.6,7822.5,,2016-04-28T15:25:00+05:30,7847.2,trail,2,0,750,-128.2,29.4,-115.4
2016-05-09,long,R,2016-05-09T15:25:00+05:30,7866.0,7753.5,,2016-05-13T15:25:00+05:30,7814.9,trail,4,0,1500,-85.1,50.0,-51.1
2016-05-16,long,R,2016-05-16T15:25:00+05:30,7860.8,7772.1,,2016-05-18T15:25:00+05:30,7870.1,trail,2,0,750,-50.0,79.4,9.4
2016-05-25,long,R,2016-05-25T15:25:00+05:30,7934.9,7809.3,,2016-06-06T15:25:00+05:30,8201.0,trail,8,0,3000,13.6,327.1,266.1
2016-06-07,long,G,2016-06-07T15:25:00+05:30,8266.5,8216.4,,2016-06-09T15:25:00+05:30,8203.6,trail,2,0,750,-81.9,22.5,-62.9
2016-06-15,long,G,2016-06-15T15:25:00+05:30,8206.6,8123.1,,2016-06-24T15:25:00+05:30,8088.6,trail,7,0,2625,-279.5,79.0,-118.0
2016-06-29,long,R,2016-06-29T15:25:00+05:30,8204.0,8157.6,,2016-07-05T15:25:00+05:30,8336.0,trail,4,0,1500,38.1,194.5,132.0
2016-07-11,long,G,2016-07-11T15:25:00+05:30,8467.9,8407.0,,2016-07-18T15:25:00+05:30,8508.7,trail,5,0,1875,11.3,126.9,40.8
2016-07-25,long,W,2016-07-25T15:25:00+05:30,8635.7,8517.2,,2016-08-03T15:25:00+05:30,8544.8,trail,7,0,2625,-106.1,75.6,-90.8
2016-08-05,long,R,2016-08-05T15:25:00+05:30,8683.2,8590.2,,2016-08-09T15:25:00+05:30,8678.2,trail,2,0,750,-45.0,45.2,-4.9
2016-08-16,long,R,2016-08-16T15:25:00+05:30,8642.5,8600.5,,2016-08-22T15:25:00+05:30,8629.2,trail,4,0,1500,-39.0,54.0,-13.4
2016-08-30,long,R,2016-08-30T15:25:00+05:30,8744.3,8642.2,,2016-09-09T15:25:00+05:30,8866.7,trail,7,0,2625,9.7,224.4,122.4
2016-09-14,long,R,2016-09-14T15:25:00+05:30,8726.6,8688.9,,2016-09-23T15:25:00+05:30,8831.5,trail,7,0,2625,-22.2,166.8,105.0
2016-10-20,long,R,2016-10-20T15:25:00+05:30,8699.4,8678.3,,2016-10-26T15:25:00+05:30,8615.2,trail,4,0,1500,-102.8,37.5,-84.2
2016-12-08,long,R,2016-12-08T15:25:00+05:30,8246.8,8151.8,,2016-12-12T15:25:00+05:30,8170.8,trail,2,0,750,-92.4,28.1,-76.0
2016-12-13,long,G,2016-12-13T15:25:00+05:30,8221.8,8155.8,,2016-12-15T15:25:00+05:30,8153.6,trail,2,0,750,-99.8,7.6,-68.2
2016-12-30,long,R,2016-12-30T15:25:00+05:30,8185.8,8114.8,,2017-01-20T15:25:00+05:30,8349.3,trail,15,0,5625,-52.0,275.2,163.5
2017-01-25,long,W,2017-01-25T15:25:00+05:30,8602.8,8494.0,,2017-01-31T15:25:00+05:30,8561.3,trail,3,0,1125,-50.3,70.0,-41.5
2017-02-01,long,W,2017-02-01T15:25:00+05:30,8716.4,8537.5,,2017-02-07T15:25:00+05:30,8768.3,trail,4,0,1500,-30.6,97.7,51.9
2017-03-16,long,G,2017-03-16T15:25:00+05:30,9153.7,9128.5,,2017-03-20T15:25:00+05:30,9126.8,trail,2,0,750,-37.4,64.7,-26.9
2017-03-28,long,G,2017-03-28T15:25:00+05:30,9100.8,9079.8,,2017-04-07T15:25:00+05:30,9198.3,trail,7,0,2625,8.3,173.1,97.5
2017-04-24,long,R,2017-04-24T15:25:00+05:30,9218.0,9130.5,,2017-04-28T15:25:00+05:30,9304.0,trail,4,0,1500,32.4,149.2,86.1
2017-05-15,long,G,2017-05-15T15:25:00+05:30,9445.4,9423.1,,2017-05-18T15:25:00+05:30,9429.5,trail,3,0,1125,-27.3,87.2,-16.0
2017-05-25,long,R,2017-05-25T15:25:00+05:30,9509.8,9379.2,,2017-06-06T15:25:00+05:30,9637.2,trail,8,0,3000,-14.3,199.5,127.4
2017-06-19,long,G,2017-06-19T15:25:00+05:30,9657.5,9614.9,,2017-06-21T15:25:00+05:30,9633.6,trail,2,0,750,-49.0,19.0,-24.0
2017-07-03,long,R,2017-07-03T15:25:00+05:30,9615.0,9543.5,,2017-07-18T15:25:00+05:30,9827.2,trail,11,0,4125,-19.5,313.2,212.2
2017-08-01,long,U,2017-08-01T15:25:00+05:30,10114.7,10065.8,,2017-08-03T15:25:00+05:30,10013.7,trail,2,0,750,-116.4,23.2,-101.0
2017-08-31,long,R,2017-08-31T15:25:00+05:30,9917.9,9857.0,,2017-09-21T15:25:00+05:30,10121.9,trail,15,0,5625,-56.9,261.0,204.0
2017-10-06,long,R,2017-10-06T15:25:00+05:30,9979.7,9906.6,,2017-10-11T15:25:00+05:30,9984.8,trail,3,0,1125,-23.9,87.5,5.1
2017-10-16,long,G,2017-10-16T15:25:00+05:30,10230.8,10175.1,,2017-10-18T15:25:00+05:30,10210.8,trail,2,0,750,-55.1,21.0,-20.0
2017-11-01,long,G,2017-11-01T15:25:00+05:30,10440.5,10383.0,,2017-11-07T15:25:00+05:30,10350.2,trail,4,0,1500,-99.7,50.0,-90.3
2017-11-21,long,R,2017-11-21T15:25:00+05:30,10326.9,10315.0,,2017-11-30T15:25:00+05:30,10226.5,trail,7,0,2625,-115.7,82.6,-100.4
2017-12-08,long,R,2017-12-08T15:25:00+05:30,10265.7,10195.2,,2017-12-12T15:25:00+05:30,10240.2,trail,2,0,750,-35.5,63.5,-25.5
2017-12-15,long,R,2017-12-15T15:25:00+05:30,10333.2,10319.7,,2018-01-02T15:25:00+05:30,10442.2,trail,10,0,3750,-258.5,219.2,109.0
2018-01-08,long,G,2018-01-08T15:25:00+05:30,10623.6,10588.5,,2018-01-16T15:25:00+05:30,10700.5,trail,6,0,2250,-30.9,159.1,76.9
2018-01-17,long,W,2018-01-17T15:25:00+05:30,10788.5,10666.8,,2018-01-30T15:25:00+05:30,11049.7,trail,8,0,3000,-6.1,383.0,261.1
2018-03-12,long,R,2018-03-12T15:25:00+05:30,10421.4,10295.5,,2018-03-16T15:25:00+05:30,10195.2,trail,4,0,1500,-241.2,57.2,-226.2
2018-04-03,long,R,2018-04-03T15:25:00+05:30,10245.0,10171.0,,2018-04-04T15:25:00+05:30,10128.4,trail,1,0,375,-133.7,34.8,-116.6
2018-04-05,long,R,2018-04-05T15:25:00+05:30,10325.2,10227.5,,2018-05-03T15:25:00+05:30,10679.7,trail,19,0,7125,-34.3,459.5,354.5
2018-05-07,long,G,2018-05-07T15:25:00+05:30,10715.5,10635.7,,2018-05-16T15:25:00+05:30,10741.1,trail,7,0,2625,-26.1,213.7,25.6
2018-05-28,long,R,2018-05-28T15:25:00+05:30,10688.7,10640.5,,2018-05-29T15:25:00+05:30,10633.3,trail,1,0,375,-72.6,28.6,-55.4
2018-05-31,long,R,2018-05-31T15:25:00+05:30,10736.2,10620.4,,2018-06-04T15:25:00+05:30,10628.5,trail,2,0,750,-117.8,34.1,-107.7
2018-06-06,long,R,2018-06-06T15:25:00+05:30,10684.7,10587.5,,2018-06-14T15:25:00+05:30,10808.0,trail,6,0,2250,24.4,208.6,123.4
2018-06-22,long,W,2018-06-22T15:25:00+05:30,10821.8,10710.5,,2018-06-27T15:25:00+05:30,10671.4,trail,3,0,1125,-169.4,9.2,-150.4
2018-07-04,long,R,2018-07-04T15:25:00+05:30,10769.9,10677.8,,2018-07-16T15:25:00+05:30,10936.8,trail,8,0,3000,-43.7,308.4,166.9
2018-07-24,long,U,2018-07-24T15:25:00+05:30,11134.3,11092.5,,2018-08-02T15:25:00+05:30,11244.7,trail,7,0,2625,-21.0,256.2,110.4
2018-08-03,long,G,2018-08-03T15:25:00+05:30,11360.8,11294.5,,2018-08-10T15:25:00+05:30,11429.5,trail,5,0,1875,-1.1,134.4,68.7
2018-08-17,long,G,2018-08-17T15:25:00+05:30,11470.8,11431.8,,2018-08-29T15:25:00+05:30,11691.9,trail,7,0,2625,28.9,289.5,221.2
2018-09-07,long,R,2018-09-07T15:25:00+05:30,11589.1,11484.4,,2018-09-10T15:25:00+05:30,11438.1,trail,1,0,375,-161.8,-16.1,-151.0
2018-10-31,long,R,2018-10-31T15:25:00+05:30,10386.6,10105.1,,2018-11-12T15:25:00+05:30,10482.2,trail,7,0,2625,-44.7,258.9,95.6
2018-11-19,long,G,2018-11-19T15:25:00+05:30,10763.4,10688.8,,2018-11-20T15:25:00+05:30,10656.2,trail,1,0,375,-122.6,-22.6,-107.2
2018-11-26,long,G,2018-11-26T15:25:00+05:30,10628.6,10489.8,,2018-12-05T15:25:00+05:30,10782.9,trail,7,0,2625,-32.2,312.6,154.3
2018-12-07,long,R,2018-12-07T15:25:00+05:30,10693.7,10599.3,,2018-12-10T15:25:00+05:30,10488.5,trail,1,0,375,-218.8,-134.9,-205.2
2018-12-12,long,R,2018-12-12T15:25:00+05:30,10737.6,10560.8,,2018-12-21T15:25:00+05:30,10754.0,trail,7,0,2625,1.1,247.6,16.4
2018-12-27,long,R,2018-12-27T15:25:00+05:30,10779.8,10764.5,,2019-01-02T15:25:00+05:30,10792.5,trail,3,0,1125,-44.8,143.8,12.7
2019-01-07,long,R,2019-01-07T15:25:00+05:30,10771.8,10750.2,,2019-01-11T15:25:00+05:30,10795.0,trail,4,0,1500,-38.5,98.6,23.2
2019-01-15,long,R,2019-01-15T15:25:00+05:30,10886.8,10777.5,,2019-01-23T15:25:00+05:30,10831.5,trail,6,0,2250,-74.8,100.7,-55.3
2019-01-31,long,R,2019-01-31T15:25:00+05:30,10831.0,10678.5,,2019-02-08T15:25:00+05:30,10943.6,trail,6,0,2250,-17.5,287.1,112.6
2019-02-25,long,R,2019-02-25T15:25:00+05:30,10880.1,10788.0,,2019-03-22T15:25:00+05:30,11456.9,trail,17,0,6375,-150.8,692.7,576.8
2019-03-26,long,W,2019-03-26T15:25:00+05:30,11483.2,11352.5,,2019-04-03T15:25:00+05:30,11644.0,trail,5,0,1875,-70.2,277.8,160.7
2019-04-05,long,G,2019-04-05T15:25:00+05:30,11666.0,11609.5,,2019-04-08T15:25:00+05:30,11604.5,trail,1,0,375,-116.9,44.3,-61.5
2019-04-15,long,U,2019-04-15T15:25:00+05:30,11690.3,11648.2,,2019-04-22T15:25:00+05:30,11594.5,trail,3,0,1125,-106.4,165.8,-95.9
2019-04-24,long,R,2019-04-24T15:25:00+05:30,11726.2,11578.8,,2019-05-06T15:25:00+05:30,11598.2,trail,6,0,2250,-154.8,70.6,-127.9
2019-05-20,long,R,2019-05-20T15:25:00+05:30,11828.2,11591.7,,2019-05-23T15:25:00+05:30,11657.0,trail,3,0,1125,-213.8,212.9,-171.2
2019-05-24,long,G,2019-05-24T15:25:00+05:30,11844.1,11658.1,,2019-05-29T15:25:00+05:30,11861.1,trail,3,0,1125,-31.7,114.5,17.0
2019-06-11,long,G,2019-06-11T15:25:00+05:30,11965.6,11904.3,,2019-06-17T15:25:00+05:30,11672.2,trail,4,0,1500,-307.8,-3.1,-293.4
2019-07-01,long,R,2019-07-01T15:25:00+05:30,11865.6,11830.8,,2019-07-05T15:25:00+05:30,11811.2,trail,4,0,1500,-67.7,116.2,-54.4
2019-08-26,long,R,2019-08-26T15:25:00+05:30,11057.8,10756.5,,2019-08-28T15:25:00+05:30,11046.1,trail,2,0,750,-70.2,83.9,-11.8
2019-08-30,long,R,2019-08-30T15:25:00+05:30,11023.2,10874.8,,2019-09-03T15:25:00+05:30,10797.9,trail,1,0,375,-250.5,-55.8,-225.3
2019-09-09,long,R,2019-09-09T15:25:00+05:30,11003.0,10889.8,,2019-09-12T15:25:00+05:30,10982.8,trail,2,0,750,-38.1,78.7,-20.2
2019-09-20,long,R,2019-09-20T15:25:00+05:30,11274.2,10691.0,,2019-09-25T15:25:00+05:30,11440.2,trail,3,0,1125,141.9,420.6,166.0
2019-10-09,long,R,2019-10-09T15:25:00+05:30,11313.3,11090.2,,2019-11-08T15:25:00+05:30,11908.2,trail,20,0,7500,-123.9,720.9,594.9
2019-11-25,long,W,2019-11-25T15:25:00+05:30,12073.8,11919.8,,2019-11-29T15:25:00+05:30,12056.0,trail,4,0,1500,-67.4,85.0,-17.7
2019-12-13,long,R,2019-12-13T15:25:00+05:30,12086.7,12023.6,,2019-12-26T15:25:00+05:30,12126.5,trail,8,0,3000,-40.4,207.2,39.8
2019-12-27,long,G,2019-12-27T15:25:00+05:30,12245.8,12157.9,,2019-12-31T15:25:00+05:30,12168.5,trail,2,0,750,-94.0,40.7,-77.3
2020-01-09,long,R,2020-01-09T15:25:00+05:30,12215.9,12132.5,,2020-01-20T15:25:00+05:30,12224.5,trail,7,0,2625,-2.7,214.6,8.6
2020-01-24,long,R,2020-01-24T15:25:00+05:30,12248.2,12149.7,,2020-01-27T15:25:00+05:30,12119.0,trail,1,0,375,-141.2,-31.7,-129.2
2020-02-12,long,R,2020-02-12T15:25:00+05:30,12201.2,12144.3,,2020-02-14T15:25:00+05:30,12113.5,trail,2,0,750,-110.0,45.5,-87.8
2020-02-19,long,R,2020-02-19T15:25:00+05:30,12125.9,12042.1,,2020-02-24T15:25:00+05:30,11829.4,trail,2,0,750,-312.5,26.1,-296.5
2020-04-09,long,R,2020-04-09T15:25:00+05:30,9111.9,8904.5,,2020-04-21T15:25:00+05:30,8981.5,trail,6,0,2250,-290.0,278.9,-130.5
2020-04-22,long,G,2020-04-22T15:25:00+05:30,9187.3,8946.2,,2020-04-24T15:25:00+05:30,9154.4,trail,2,0,750,-46.0,156.3,-32.9
2020-04-27,long,G,2020-04-27T15:25:00+05:30,9282.3,9250.3,,2020-05-04T15:25:00+05:30,9293.5,trail,4,0,1500,-22.3,606.8,11.2
2020-05-13,long,R,2020-05-13T15:25:00+05:30,9383.5,9351.1,,2020-05-14T15:25:00+05:30,9142.8,trail,1,0,375,-263.8,-102.5,-240.8
2020-05-27,long,R,2020-05-27T15:25:00+05:30,9315.0,9004.2,,2020-06-04T15:25:00+05:30,10029.1,trail,6,0,2250,21.5,861.2,714.1
2020-06-05,long,G,2020-06-05T15:25:00+05:30,10142.2,10040.8,,2020-06-09T15:25:00+05:30,10046.7,trail,2,0,750,-120.7,186.3,-95.5
2020-06-12,long,W,2020-06-12T15:25:00+05:30,9972.9,9544.3,,2020-07-14T15:25:00+05:30,10607.3,trail,22,0,8250,-246.6,921.1,634.4
2020-07-16,long,G,2020-07-16T15:25:00+05:30,10740.0,10595.2,,2020-07-30T15:25:00+05:30,11102.2,trail,10,0,3750,9.7,601.5,362.2
2020-08-04,long,R,2020-08-04T15:25:00+05:30,11095.2,10908.1,,2020-08-14T15:25:00+05:30,11178.4,trail,8,0,3000,-31.2,278.3,83.2
2020-08-24,long,G,2020-08-24T15:25:00+05:30,11466.5,11410.7,,2020-08-31T15:25:00+05:30,11387.5,trail,5,0,1875,-140.6,327.8,-79.0
2020-09-01,long,G,2020-09-01T15:25:00+05:30,11470.2,11366.9,,2020-09-04T15:25:00+05:30,11333.8,trail,3,0,1125,-166.6,114.7,-136.4
2020-09-10,long,R,2020-09-10T15:25:00+05:30,11449.2,11327.4,,2020-09-17T15:25:00+05:30,11516.1,trail,5,0,1875,-65.7,168.8,66.8
2020-10-01,long,R,2020-10-01T15:25:00+05:30,11417.0,11347.0,,2020-10-15T15:25:00+05:30,11680.3,trail,9,0,3375,35.3,608.5,263.4
2020-10-16,long,G,2020-10-16T15:25:00+05:30,11762.5,11667.8,,2020-10-26T15:25:00+05:30,11767.8,trail,6,0,2250,-50.8,256.2,5.3
2020-10-27,long,G,2020-10-27T15:25:00+05:30,11889.4,11723.0,,2020-10-29T15:25:00+05:30,11670.8,trail,2,0,750,-283.0,40.0,-218.6
2020-11-04,long,R,2020-11-04T15:25:00+05:30,11908.5,11756.4,,2020-11-19T15:25:00+05:30,12771.7,trail,10,0,3750,119.1,1054.5,863.2
2020-11-20,long,G,2020-11-20T15:25:00+05:30,12859.0,12730.2,,2020-11-25T15:25:00+05:30,12858.4,trail,3,0,1125,-33.3,286.8,-0.6
2020-11-26,long,G,2020-11-26T15:25:00+05:30,12987.0,12790.4,,2020-12-21T15:25:00+05:30,13328.4,trail,16,0,6000,-72.7,790.5,341.4
2020-12-22,long,W,2020-12-22T15:25:00+05:30,13466.3,13192.9,,2021-01-15T15:25:00+05:30,14433.7,trail,17,0,6375,-34.1,1187.0,967.4
2021-01-19,long,G,2021-01-19T15:25:00+05:30,14521.2,14350.8,,2021-01-22T15:25:00+05:30,14371.9,trail,3,0,1125,-163.4,232.4,-149.2
2021-02-02,long,R,2021-02-02T15:25:00+05:30,14647.8,14469.2,,2021-02-17T15:25:00+05:30,15208.9,trail,11,0,4125,-73.7,783.9,561.1
2021-02-24,long,R,2021-02-24T15:25:00+05:30,14982.0,14504.5,,2021-02-26T15:25:00+05:30,14529.2,trail,2,0,750,-514.2,194.5,-452.8
2021-03-03,long,R,2021-03-03T15:25:00+05:30,15245.6,14995.8,,2021-03-05T15:25:00+05:30,14938.1,trail,2,0,750,-383.5,-43.2,-307.5
2021-03-09,long,R,2021-03-09T15:25:00+05:30,15098.4,14925.5,,2021-03-12T15:25:00+05:30,15031.0,trail,2,0,750,-144.8,237.9,-67.5
2021-03-30,long,R,2021-03-30T15:25:00+05:30,14845.1,14617.6,,2021-04-05T15:25:00+05:30,14637.8,trail,3,0,1125,-385.6,38.1,-207.3
2021-04-07,long,R,2021-04-07T15:25:00+05:30,14819.0,14649.8,,2021-04-12T15:25:00+05:30,14310.8,trail,3,0,1125,-570.3,165.1,-508.2
2021-04-27,long,R,2021-04-27T15:25:00+05:30,14653.0,14484.8,,2021-04-30T15:25:00+05:30,14631.1,trail,3,0,1125,-51.3,391.3,-22.0
2021-05-05,long,R,2021-05-05T15:25:00+05:30,14617.8,14506.6,,2021-05-11T15:25:00+05:30,14850.8,trail,4,0,1500,-6.3,349.1,232.9
2021-05-17,long,G,2021-05-17T15:25:00+05:30,14923.2,14725.3,,2021-05-19T15:25:00+05:30,15030.2,trail,2,0,750,85.7,214.1,107.0
2021-05-21,long,G,2021-05-21T15:25:00+05:30,15175.3,14985.8,,2021-06-09T15:25:00+05:30,15635.3,trail,13,0,4875,-29.8,625.2,460.0
2021-06-10,long,G,2021-06-10T15:25:00+05:30,15737.8,15648.5,,2021-06-16T15:25:00+05:30,15767.5,trail,4,0,1500,-131.2,163.8,29.8
2021-06-21,long,W,2021-06-21T15:25:00+05:30,15746.5,15505.7,,2021-06-23T15:25:00+05:30,15687.0,trail,2,0,750,-72.5,149.2,-59.5
2021-06-24,long,G,2021-06-24T15:25:00+05:30,15790.5,15702.7,,2021-06-29T15:25:00+05:30,15748.5,trail,3,0,1125,-66.4,125.2,-42.0
2021-07-05,long,R,2021-07-05T15:25:00+05:30,15834.3,15762.0,,2021-07-08T15:25:00+05:30,15727.9,trail,3,0,1125,-151.4,79.9,-106.4
2021-07-13,long,R,2021-07-13T15:25:00+05:30,15812.3,15744.6,,2021-07-19T15:25:00+05:30,15752.4,trail,4,0,1500,-104.8,149.9,-59.9
2021-07-22,long,R,2021-07-22T15:25:00+05:30,15824.0,15726.4,,2021-07-27T15:25:00+05:30,15746.5,trail,3,0,1125,-123.0,75.8,-77.6
2021-08-02,long,R,2021-08-02T15:25:00+05:30,15885.2,15834.7,,2021-08-20T15:25:00+05:30,16450.5,trail,13,0,4875,29.2,816.7,565.3
2021-08-24,long,G,2021-08-24T15:25:00+05:30,16624.6,16495.3,,2021-09-20T15:25:00+05:30,17396.9,trail,18,0,6750,-59.0,1168.3,772.3
2021-09-21,long,W,2021-09-21T15:25:00+05:30,17562.0,17326.1,,2021-09-28T15:25:00+05:30,17748.6,trail,5,0,1875,-38.0,385.7,186.6
2021-10-04,long,R,2021-10-04T15:25:00+05:30,17691.2,17581.3,,2021-10-19T15:25:00+05:30,18418.8,trail,10,0,3750,-78.1,913.2,727.5
2021-11-12,long,R,2021-11-12T15:25:00+05:30,18102.8,17905.9,,2021-11-16T15:25:00+05:30,17999.2,trail,2,0,750,-143.9,107.4,-103.6
2021-12-09,long,R,2021-12-09T15:25:00+05:30,17516.8,17379.6,,2021-12-13T15:25:00+05:30,17368.2,trail,2,0,750,-160.9,122.7,-148.6
2021-12-28,long,R,2021-12-28T15:25:00+05:30,17233.2,17161.2,,2022-01-06T15:25:00+05:30,17745.9,trail,7,0,2625,-86.9,711.4,512.7
2022-01-10,long,G,2022-01-10T15:25:00+05:30,18003.3,17879.2,,2022-01-18T15:25:00+05:30,18113.1,trail,6,0,2250,-38.9,347.6,109.8
2022-02-02,long,R,2022-02-02T15:25:00+05:30,17780.0,17674.8,,2022-02-03T15:25:00+05:30,17560.2,trail,1,0,375,-268.8,1.2,-219.8
2022-03-14,long,R,2022-03-14T15:25:00+05:30,16871.3,16606.5,,2022-03-21T15:25:00+05:30,17117.6,trail,4,0,1500,-316.3,482.0,246.3
2022-03-29,long,G,2022-03-29T15:25:00+05:30,17325.3,17235.7,,2022-04-06T15:25:00+05:30,17807.7,trail,6,0,2250,61.9,789.3,482.3
2022-04-08,long,G,2022-04-08T15:25:00+05:30,17784.3,17600.6,,2022-04-12T15:25:00+05:30,17530.3,trail,2,0,750,-342.0,-5.3,-254.0
2022-05-27,long,R,2022-05-27T15:25:00+05:30,16352.5,16222.0,,2022-06-07T15:25:00+05:30,16416.3,trail,7,0,2625,-5.4,441.4,63.9
2022-07-04,long,R,2022-07-04T15:25:00+05:30,15835.3,15661.8,,2022-07-12T15:25:00+05:30,16058.3,trail,6,0,2250,-49.9,440.2,223.0
2022-07-15,long,G,2022-07-15T15:25:00+05:30,16049.2,15927.3,,2022-07-26T15:25:00+05:30,16483.8,trail,7,0,2625,93.0,703.0,434.6
2022-07-28,long,G,2022-07-28T15:25:00+05:30,16929.6,16746.2,,2022-08-19T15:25:00+05:30,17758.4,trail,14,0,5250,88.6,1062.6,828.8
2022-08-23,long,W,2022-08-23T15:25:00+05:30,17577.5,17345.2,,2022-08-29T15:25:00+05:30,17312.9,trail,4,0,1500,-411.3,149.0,-264.6
2022-08-30,long,R,2022-08-30T15:25:00+05:30,17759.3,17401.5,,2022-09-14T15:25:00+05:30,18003.8,trail,10,0,3750,-290.9,332.2,244.4
2022-09-20,long,R,2022-09-20T15:25:00+05:30,17816.2,17744.4,,2022-09-21T15:25:00+05:30,17718.3,trail,1,0,375,-152.7,22.4,-97.9
2022-10-17,long,R,2022-10-17T15:25:00+05:30,17311.8,17098.6,,2022-10-25T15:25:00+05:30,17656.3,trail,6,0,2250,109.2,499.7,344.5
2022-10-31,long,G,2022-10-31T15:25:00+05:30,18012.2,17899.9,,2022-11-10T15:25:00+05:30,18028.2,trail,7,0,2625,-53.0,284.2,16.0
2022-11-11,long,G,2022-11-11T15:25:00+05:30,18349.7,18259.3,,2022-11-17T15:25:00+05:30,18343.9,trail,4,0,1500,-67.7,92.5,-5.8
2022-11-24,long,W,2022-11-24T15:25:00+05:30,18484.1,18294.2,,2022-12-02T15:25:00+05:30,18696.1,trail,6,0,2250,-118.5,403.5,212.0
2022-12-13,long,R,2022-12-13T15:25:00+05:30,18608.0,18490.2,,2022-12-15T15:25:00+05:30,18414.9,trail,2,0,750,-220.3,88.1,-193.1
2023-01-17,long,R,2023-01-17T15:25:00+05:30,18053.3,17886.9,,2023-01-20T15:25:00+05:30,18027.7,trail,3,0,1125,-37.1,130.4,-25.7
2023-01-23,long,R,2023-01-23T15:25:00+05:30,18118.6,18063.4,,2023-01-25T15:25:00+05:30,17891.9,trail,2,0,750,-272.4,82.7,-226.6
2023-02-09,long,R,2023-02-09T15:25:00+05:30,17893.4,17779.8,,2023-02-13T15:25:00+05:30,17770.9,trail,2,0,750,-173.7,-12.8,-122.5
2023-02-14,long,R,2023-02-14T15:25:00+05:30,17929.8,17800.1,,2023-02-17T15:25:00+05:30,17944.2,trail,3,0,1125,-76.0,204.9,14.3
2023-03-06,long,R,2023-03-06T15:25:00+05:30,17711.4,17671.9,,2023-03-09T15:25:00+05:30,17589.6,trail,2,0,750,-137.8,60.9,-121.8
2023-03-31,long,R,2023-03-31T15:25:00+05:30,17359.8,17204.7,,2023-04-17T15:25:00+05:30,17706.8,trail,8,0,3000,-47.0,503.2,347.1
2023-04-24,long,G,2023-04-24T15:25:00+05:30,17743.4,17612.5,,2023-05-03T15:25:00+05:30,18089.8,trail,6,0,2250,-32.2,436.8,346.4
2023-05-19,long,G,2023-05-19T15:25:00+05:30,18203.4,18060.4,,2023-05-24T15:25:00+05:30,18285.4,trail,3,0,1125,-24.6,216.3,82.0
2023-06-07,long,G,2023-06-07T15:25:00+05:30,18726.4,18636.0,,2023-06-08T15:25:00+05:30,18634.6,trail,1,0,375,-110.8,51.5,-91.8
2023-06-14,long,U,2023-06-14T15:25:00+05:30,18755.9,18690.0,,2023-06-15T15:25:00+05:30,18688.1,trail,1,0,375,-86.8,38.2,-67.8
2023-06-20,long,W,2023-06-20T15:25:00+05:30,18816.7,18660.7,,2023-06-22T15:25:00+05:30,18771.2,trail,2,0,750,-57.2,69.9,-45.4
2023-06-26,long,R,2023-06-26T15:25:00+05:30,18691.2,18646.7,,2023-07-07T15:25:00+05:30,19331.8,trail,8,0,3000,23.1,832.4,640.6
2023-07-11,long,G,2023-07-11T15:25:00+05:30,19439.4,19406.4,,2023-07-12T15:25:00+05:30,19384.3,trail,1,0,375,-77.7,68.3,-55.1
2023-07-14,long,G,2023-07-14T15:25:00+05:30,19564.5,19433.5,,2023-07-21T15:25:00+05:30,19745.0,trail,5,0,1875,-1.6,427.3,180.5
2023-09-01,long,R,2023-09-01T15:25:00+05:30,19435.3,19255.7,,2023-09-20T15:25:00+05:30,19901.4,trail,12,0,4500,-2.5,787.1,466.1
2023-10-11,long,R,2023-10-11T15:25:00+05:30,19811.3,19756.9,,2023-10-13T15:25:00+05:30,19751.1,trail,2,0,750,-176.0,32.0,-60.3
2023-11-06,long,R,2023-11-06T15:25:00+05:30,19411.8,19309.7,,2023-11-09T15:25:00+05:30,19395.3,trail,3,0,1125,-82.7,52.7,-16.4
2023-11-15,long,G,2023-11-15T15:25:00+05:30,19675.4,19579.7,,2023-12-12T15:25:00+05:30,20906.4,trail,18,0,6750,-48.4,1362.5,1231.0
2023-12-14,long,G,2023-12-14T15:25:00+05:30,21182.7,21074.4,,2023-12-20T15:25:00+05:30,21150.2,trail,4,0,1500,-95.3,410.3,-32.5
2023-12-21,long,W,2023-12-21T15:25:00+05:30,21255.1,20976.8,,2024-01-02T15:25:00+05:30,21665.8,trail,7,0,2625,-22.6,579.3,410.8
2024-01-04,long,G,2024-01-04T15:25:00+05:30,21658.6,21564.6,,2024-01-08T15:25:00+05:30,21513.0,trail,2,0,750,-165.7,105.3,-145.6
2024-01-12,long,G,2024-01-12T15:25:00+05:30,21894.6,21715.2,,2024-01-17T15:25:00+05:30,21571.9,trail,3,0,1125,-344.1,229.6,-322.6
2024-01-29,long,R,2024-01-29T15:25:00+05:30,21737.6,21429.6,,2024-02-05T15:25:00+05:30,21771.7,trail,5,0,1875,-288.8,389.2,34.1
2024-02-13,long,R,2024-02-13T15:25:00+05:30,21743.2,21543.3,,2024-02-26T15:25:00+05:30,22122.1,trail,9,0,3375,-213.1,554.2,378.8
2024-03-04,long,U,2024-03-04T15:25:00+05:30,22405.6,22358.3,,2024-03-05T15:25:00+05:30,22356.3,trail,1,0,375,-136.4,11.3,-49.3
2024-03-28,long,R,2024-03-28T15:25:00+05:30,22326.9,22163.6,,2024-04-12T15:25:00+05:30,22519.4,trail,9,0,3375,-23.1,448.8,192.5
2024-04-22,long,R,2024-04-22T15:25:00+05:30,22336.4,22198.2,,2024-05-03T15:25:00+05:30,22475.8,trail,8,0,3000,-31.2,458.3,139.4
2024-05-16,long,R,2024-05-16T15:25:00+05:30,22403.8,22054.6,,2024-05-29T15:25:00+05:30,22704.7,trail,8,0,3000,-58.2,707.0,300.8
2024-06-05,long,R,2024-06-05T15:25:00+05:30,22620.3,21791.9,,2024-07-10T15:25:00+05:30,24324.4,trail,24,0,9000,22.2,1840.7,1704.1
2024-07-18,long,W,2024-07-18T15:25:00+05:30,24800.8,24504.4,,2024-08-02T15:25:00+05:30,24717.7,trail,11,0,4125,-726.7,277.5,-83.2
2024-08-16,long,R,2024-08-16T15:25:00+05:30,24541.2,24204.5,,2024-09-04T15:25:00+05:30,25198.7,trail,13,0,4875,-18.2,792.5,657.5
2024-09-12,long,R,2024-09-12T15:25:00+05:30,25388.9,24941.4,,2024-09-30T15:25:00+05:30,25810.8,trail,12,0,4500,-103.3,888.4,421.9
2024-11-25,long,R,2024-11-25T15:25:00+05:30,24221.9,24135.4,,2024-11-28T15:25:00+05:30,23914.2,trail,3,0,1125,-348.6,132.7,-307.8
2024-11-29,long,R,2024-11-29T15:25:00+05:30,24131.1,23927.2,,2024-12-09T15:25:00+05:30,24619.0,trail,6,0,2250,-122.4,726.7,487.9
2024-12-13,long,W,2024-12-13T15:25:00+05:30,24768.3,24180.8,,2024-12-17T15:25:00+05:30,24336.0,trail,2,0,750,-464.9,12.9,-432.3
2025-01-02,long,R,2025-01-02T15:25:00+05:30,24188.7,23751.6,,2025-01-06T15:25:00+05:30,23616.1,trail,2,0,750,-636.8,7.8,-572.6
2025-01-31,long,R,2025-01-31T15:25:00+05:30,23508.4,23277.4,,2025-02-06T15:25:00+05:30,23603.3,trail,5,0,1875,-286.4,298.9,94.9
2025-03-18,long,R,2025-03-18T15:25:00+05:30,22834.3,22599.2,,2025-03-26T15:25:00+05:30,23486.8,trail,6,0,2250,-26.4,1035.3,652.5
2025-04-15,long,R,2025-04-15T15:25:00+05:30,23328.6,23207.0,,2025-04-25T15:25:00+05:30,24039.3,trail,7,0,2625,-55.5,1036.9,710.8
2025-05-12,long,W,2025-05-12T15:25:00+05:30,24924.7,24378.8,,2025-05-19T15:25:00+05:30,24945.4,trail,5,0,1875,-430.2,191.6,20.8
2025-06-05,long,R,2025-06-05T15:25:00+05:30,24750.9,24613.1,,2025-06-12T15:25:00+05:30,24888.2,trail,5,0,1875,-79.5,471.5,137.3
2025-06-16,long,R,2025-06-16T15:25:00+05:30,24946.5,24703.6,,2025-06-18T15:25:00+05:30,24812.1,trail,2,0,750,-196.1,35.6,-134.4
2025-06-20,long,R,2025-06-20T15:25:00+05:30,25112.4,24783.7,,2025-06-30T15:25:00+05:30,25517.1,trail,6,0,2250,-287.6,556.9,404.7
2025-07-08,long,U,2025-07-08T15:25:00+05:30,25522.5,25424.2,,2025-07-10T15:25:00+05:30,25355.2,trail,2,0,750,-182.1,26.2,-167.2
2025-08-18,long,R,2025-08-18T15:25:00+05:30,24876.9,24852.8,,2025-08-22T15:25:00+05:30,24870.1,trail,4,0,1500,-17.8,276.7,-6.8
2025-08-25,long,G,2025-08-25T15:25:00+05:30,24967.8,24894.3,,2025-08-26T15:25:00+05:30,24712.1,trail,1,0,375,-278.2,-48.1,-255.7
2025-09-03,long,R,2025-09-03T15:25:00+05:30,24715.1,24533.2,,2025-09-19T15:25:00+05:30,25327.1,trail,12,0,4500,-93.5,733.9,612.0
2025-10-06,long,R,2025-10-06T15:25:00+05:30,25077.7,24881.7,,2025-10-08T15:25:00+05:30,25046.2,trail,2,0,750,-69.2,143.2,-31.5
2025-10-13,long,U,2025-10-13T15:25:00+05:30,25227.3,25152.3,,2025-10-14T15:25:00+05:30,25145.5,trail,1,0,375,-166.8,83.0,-81.8
2025-10-17,long,U,2025-10-17T15:25:00+05:30,25709.8,25508.6,,2025-10-24T15:25:00+05:30,25795.2,trail,4,0,1500,8.3,394.3,85.3
2025-11-11,long,R,2025-11-11T15:25:00+05:30,25694.9,25449.2,,2025-11-24T15:25:00+05:30,25959.5,trail,9,0,3375,45.9,551.7,264.6
2025-11-26,long,W,2025-11-26T15:25:00+05:30,26205.3,25842.9,,2025-12-02T15:25:00+05:30,26032.2,trail,4,0,1500,-207.5,120.5,-173.1
2025-12-12,long,R,2025-12-12T15:25:00+05:30,26046.9,25938.4,,2025-12-16T15:25:00+05:30,25860.1,trail,2,0,750,-212.6,0.2,-186.8
2025-12-22,long,R,2025-12-22T15:25:00+05:30,26172.4,26047.8,,2025-12-26T15:25:00+05:30,26042.3,trail,3,0,1125,-163.8,64.0,-130.1
2025-12-31,long,R,2025-12-31T15:25:00+05:30,26129.6,25969.0,,2026-01-06T15:25:00+05:30,26178.7,trail,4,0,1500,-16.2,243.6,49.1
2026-02-03,long,R,2026-02-03T15:25:00+05:30,25727.6,25641.3,,2026-02-12T15:25:00+05:30,25807.2,trail,7,0,2625,-235.7,281.8,79.6
2026-02-16,long,R,2026-02-16T15:25:00+05:30,25682.8,25372.7,,2026-02-19T15:25:00+05:30,25454.3,trail,3,0,1125,-294.0,202.6,-228.4
2026-02-23,long,R,2026-02-23T15:25:00+05:30,25713.0,25609.3,,2026-02-24T15:25:00+05:30,25424.7,trail,1,0,375,-385.4,-71.2,-288.3
2026-04-08,long,R,2026-04-08T15:25:00+05:30,23997.3,23828.5,,2026-04-09T15:25:00+05:30,23775.1,trail,1,0,375,-314.5,-6.6,-222.2
2026-04-10,long,G,2026-04-10T15:25:00+05:30,24050.6,23856.3,,2026-04-13T15:25:00+05:30,23842.7,trail,1,0,375,-495.0,-143.2,-207.9
2026-04-15,long,G,2026-04-15T15:25:00+05:30,24231.3,24145.8,,2026-04-23T15:25:00+05:30,24173.1,trail,6,0,2250,-135.2,370.4,-58.2
2026-04-29,long,G,2026-04-29T15:25:00+05:30,24177.7,24059.9,,2026-04-30T15:25:00+05:30,23997.6,trail,1,0,375,-380.8,-90.2,-180.1
2026-05-04,long,U,2026-05-04T15:25:00+05:30,24119.3,24004.8,,2026-05-08T15:25:00+05:30,24176.2,trail,4,0,1500,-237.2,362.8,56.8
2026-05-25,long,R,2026-05-25T15:25:00+05:30,24031.7,23922.8,,2026-05-26T15:25:00+05:30,23913.7,trail,1,0,375,-146.2,58.1,-118.0
2026-06-12,long,R,2026-06-12T15:25:00+05:30,23622.9,23313.9,,2026-06-19T15:25:00+05:30,24013.1,trail,5,0,1875,194.9,566.3,390.2
